group_id,previous_group_id,relation,overlap,jaccard
G5_9b25a1d47e667a49,G5_9b25a1d47e667a49,continued,10,1.0
G5_3b6b8c67110aeb04,G5_3b6b8c67110aeb04,continued,9,1.0
G5_0b9ec39ce3e3f0e3,G5_0b9ec39ce3e3f0e3,continued,9,1.0
G5_2e439a0ee880a99e,G5_2e439a0ee880a99e,continued,8,1.0
G5_2156e490d3ecec8e,G5_2156e490d3ecec8e,continued,7,1.0
G5_cdb2bbd313428c76,G5_cdb2bbd313428c76,continued,7,1.0
G5_c5fa6dbfaecb24bd,G5_c5fa6dbfaecb24bd,continued,7,1.0
G5_9053396fced5a9d1,G5_9053396fced5a9d1,continued,7,1.0
G5_ac37b5babb3f4153,G5_ac37b5babb3f4153,continued,7,1.0
G5_5cdf62663dd41831,G5_5cdf62663dd41831,continued,6,1.0
G5_779eb7ead086a2ea,G5_779eb7ead086a2ea,continued,6,1.0
G5_8195bd36d088af38,G5_8195bd36d088af38,continued,6,1.0
G5_97d1d037a4f497b5,G5_97d1d037a4f497b5,continued,6,1.0
G5_79e6d14dd1d0e3c4,G5_79e6d14dd1d0e3c4,continued,6,1.0
G5_4d71d27b347fc698,G5_4d71d27b347fc698,continued,5,1.0
G5_83fd2388e9bb8b72,G5_83fd2388e9bb8b72,continued,5,1.0
G5_cffac0731717c121,G5_cffac0731717c121,continued,5,1.0
G5_a174df8a2ffa116a,G5_a174df8a2ffa116a,continued,5,1.0
G5_5eec86ba602de1b5,G5_5eec86ba602de1b5,continued,5,1.0
G5_ad79377573a5ab19,G5_ad79377573a5ab19,continued,5,1.0
G5_5d12cb07c4b36955,G5_5d12cb07c4b36955,continued,5,1.0
G5_c3ad33320c8a34b6,G5_c3ad33320c8a34b6,continued,5,1.0
G5_7a51276b12a70ead,G5_7a51276b12a70ead,continued,4,1.0
G5_41eea3fec5c67328,G5_41eea3fec5c67328,continued,4,1.0
G5_d2e5259a39eff88e,G5_d2e5259a39eff88e,continued,4,1.0
G5_fd30c644dd5c5485,G5_fd30c644dd5c5485,continued,4,1.0
G5_0e025f6711e39c9d,G5_0e025f6711e39c9d,continued,4,1.0
G5_c69e525af7b3f858,G5_c69e525af7b3f858,continued,4,1.0
G5_192d1048bdf24777,G5_192d1048bdf24777,continued,4,1.0
G5_9dcbd88b17863f9c,G5_9dcbd88b17863f9c,continued,4,1.0
G5_8959a50d095a5e98,G5_8959a50d095a5e98,continued,4,1.0
G5_8ce3f281b1a8b3fa,G5_8ce3f281b1a8b3fa,continued,4,1.0
G5_da7579ccff662e21,G5_da7579ccff662e21,continued,4,1.0
G5_29daf56b573d2945,G5_29daf56b573d2945,continued,4,1.0
G5_d4eec0a0b5026555,G5_d4eec0a0b5026555,continued,4,1.0
G5_b77b3c4f4313bede,G5_b77b3c4f4313bede,continued,4,1.0
G5_b6401bedb1e17ec1,G5_b6401bedb1e17ec1,continued,4,1.0
G5_8231bd29ef2fb5a7,G5_8231bd29ef2fb5a7,continued,4,1.0
G5_f8f688cd0b545c6d,G5_f8f688cd0b545c6d,continued,4,1.0
G5_717098e34d295ea5,G5_717098e34d295ea5,continued,4,1.0
G5_9939c58ad80635dd,G5_9939c58ad80635dd,continued,3,1.0
G5_bc2889526d2e7053,G5_bc2889526d2e7053,continued,3,1.0
G5_aefa6bc706d77459,G5_aefa6bc706d77459,continued,3,1.0
G5_851305b4e3af9acd,G5_851305b4e3af9acd,continued,3,1.0
G5_4ad3a8e2c458a092,G5_4ad3a8e2c458a092,continued,3,1.0
G5_7198d7b87568ef73,G5_7198d7b87568ef73,continued,3,1.0
G5_468e146a56ec661a,G5_468e146a56ec661a,continued,3,1.0
G5_ba68624e280d593e,G5_ba68624e280d593e,continued,3,1.0
G5_80358f96656ade24,G5_80358f96656ade24,continued,3,1.0
G5_a159342afa8fc0b2,G5_a159342afa8fc0b2,continued,3,1.0
G5_54cd69cbe6668722,G5_54cd69cbe6668722,continued,3,1.0
G5_af54f205371dec47,G5_af54f205371dec47,continued,3,1.0
G5_00673a4c0a797dd0,G5_00673a4c0a797dd0,continued,3,1.0
G5_084dcbb8ab5abce9,G5_084dcbb8ab5abce9,continued,3,1.0
G5_9a042aa1ed0bbad2,G5_9a042aa1ed0bbad2,continued,3,1.0
G5_72c7fe9fe7f26206,G5_72c7fe9fe7f26206,continued,3,1.0
G5_eef8421ea9e03c5b,G5_eef8421ea9e03c5b,continued,3,1.0
G5_b792ad68dc2d68d5,G5_b792ad68dc2d68d5,continued,3,1.0
G5_7c861729aadfbfe4,G5_7c861729aadfbfe4,continued,3,1.0
G5_1b3f14271c838a71,G5_1b3f14271c838a71,continued,3,1.0
G5_e82ab14e4e05c2b5,G5_e82ab14e4e05c2b5,continued,3,1.0
G5_bc048a1de611b81b,G5_bc048a1de611b81b,continued,3,1.0
G5_567e97f4f68880f3,G5_567e97f4f68880f3,continued,3,1.0
G5_0c791661dea527a8,G5_0c791661dea527a8,continued,3,1.0
G5_649247549608872a,G5_649247549608872a,continued,3,1.0
G5_f21a98ca17caba6b,G5_f21a98ca17caba6b,continued,3,1.0
G5_028500cd1ea59862,G5_028500cd1ea59862,continued,3,1.0
G5_ba71aee1ff060f65,G5_ba71aee1ff060f65,continued,3,1.0
G5_1bea7d0660526529,G5_1bea7d0660526529,continued,3,1.0
G5_34102273ae4955d0,G5_34102273ae4955d0,continued,3,1.0
G5_f13f5ceb1c01afd9,G5_f13f5ceb1c01afd9,continued,3,1.0
G5_0f145013ee449ec3,G5_0f145013ee449ec3,continued,3,1.0
G5_0f145013ee449ec37d,G5_0f145013ee449ec37d,continued,3,1.0
G5_9b4a2c776341fbf8,G5_9b4a2c776341fbf8,continued,3,1.0
G5_264ae8740bd9c1ba,G5_264ae8740bd9c1ba,continued,3,1.0
G5_51a251dcd99d7dfd,G5_51a251dcd99d7dfd,continued,3,1.0
G5_e48dc59263985674,G5_e48dc59263985674,continued,3,1.0
G5_d822352e20f3826b,G5_d822352e20f3826b,continued,3,1.0
G5_f6c6529ca4ac2aff,G5_f6c6529ca4ac2aff,continued,3,1.0
G5_f5e1790d87a525ff,G5_f5e1790d87a525ff,continued,3,1.0
G5_a87eef79889c2095,G5_a87eef79889c2095,continued,3,1.0
G5_bccc3f8970b1bbd5,G5_bccc3f8970b1bbd5,continued,2,1.0
G5_f778b6f234fda9ea,G5_f778b6f234fda9ea,continued,2,1.0
G5_0664108e0128edbd,G5_0664108e0128edbd,continued,2,1.0
G5_55b49ed3e2d0df10,G5_55b49ed3e2d0df10,continued,2,1.0
G5_a41ea1107a8c7ff3,G5_a41ea1107a8c7ff3,continued,2,1.0
G5_622f2bb88e8ba3fe,G5_622f2bb88e8ba3fe,continued,2,1.0
G5_4e78beeee5ceddd8,G5_4e78beeee5ceddd8,continued,2,1.0
G5_21b101180c85be80,G5_21b101180c85be80,continued,2,1.0
G5_7091223be185db9a,G5_7091223be185db9a,continued,2,1.0
G5_87c0d5daa1900333,G5_87c0d5daa1900333,continued,2,1.0
G5_788658d3c326b645,G5_788658d3c326b645,continued,2,1.0
G5_7e535cc094349ac6,G5_7e535cc094349ac6,continued,2,1.0
G5_487dd42b03327b28,G5_487dd42b03327b28,continued,2,1.0
G5_fdfc541733d291a0,G5_fdfc541733d291a0,continued,2,1.0
G5_e4134f495ec582c4,G5_e4134f495ec582c4,continued,2,1.0
G5_7127d4cffdeda7b8,G5_7127d4cffdeda7b8,continued,2,1.0
G5_82758da71593e87b,G5_82758da71593e87b,continued,2,1.0
G5_1fad3ab13b30ccc0,G5_1fad3ab13b30ccc0,continued,2,1.0
G5_60e487d46068c7f0,G5_60e487d46068c7f0,continued,2,1.0
G5_d929a74137b6b573,G5_d929a74137b6b573,continued,2,1.0
G5_c27f2cedaf85cd55,G5_c27f2cedaf85cd55,continued,2,1.0
G5_300c2c8d97bd1b77,G5_300c2c8d97bd1b77,continued,2,1.0
G5_2b10475d68091673,G5_2b10475d68091673,continued,2,1.0
G5_2560d96a1030df74,G5_2560d96a1030df74,continued,2,1.0
G5_5365b71edb64741f,G5_5365b71edb64741f,continued,2,1.0
G5_6a25c7c4afb2f246,G5_6a25c7c4afb2f246,continued,2,1.0
G5_3287277c1fbf738c,G5_3287277c1fbf738c,continued,2,1.0
G5_a28a91476c60951d,G5_a28a91476c60951d,continued,2,1.0
G5_1735f4209f5d07bc,G5_1735f4209f5d07bc,continued,2,1.0
G5_5b4c8fa504f1ae0e,G5_5b4c8fa504f1ae0e,continued,2,1.0
G5_b1b27b1a394def9b,G5_b1b27b1a394def9b,continued,2,1.0
G5_80e21bbd665e1b13,G5_80e21bbd665e1b13,continued,2,1.0
G5_17a88f97104e626e,G5_17a88f97104e626e,continued,2,1.0
G5_d6d3c9413c1cca5f,G5_d6d3c9413c1cca5f,continued,2,1.0
G5_22def4f1b70fcb73,G5_22def4f1b70fcb73,continued,2,1.0
G5_351ad52c12618ec8,G5_351ad52c12618ec8,continued,2,1.0
G5_bafb4faba4a2323b,G5_bafb4faba4a2323b,continued,2,1.0
G5_7b83f372644a1ce3,G5_7b83f372644a1ce3,continued,2,1.0
G5_7fae1965f4592964,G5_7fae1965f4592964,continued,2,1.0
G5_42cf0fc60ff418cc,G5_42cf0fc60ff418cc,continued,2,1.0
G5_68886de81d197a25,G5_68886de81d197a25,continued,2,1.0
G5_34095efbba753508,G5_34095efbba753508,continued,2,1.0
G5_c0c3ddefbf4a1f6f,G5_c0c3ddefbf4a1f6f,continued,2,1.0
G5_30d0c78314ff97b7,G5_30d0c78314ff97b7,continued,2,1.0
G5_df4a32f196a34abe,G5_df4a32f196a34abe,continued,2,1.0
G5_d6c1e3b15312f23a,G5_d6c1e3b15312f23a,continued,2,1.0
G5_6d7cf85dfd29639d,G5_6d7cf85dfd29639d,continued,2,1.0
G5_d410632f6c72e5d6,G5_d410632f6c72e5d6,continued,2,1.0
G5_7abe4852d6f2756d,G5_7abe4852d6f2756d,continued,2,1.0
G5_e9d99cfee9000906,G5_e9d99cfee9000906,continued,2,1.0
G5_8c490b517ef8b69d,G5_8c490b517ef8b69d,continued,2,1.0
G5_9e63155ecaf55963,G5_9e63155ecaf55963,continued,2,1.0
G5_bf7baec4b1b4a7df,G5_bf7baec4b1b4a7df,continued,2,1.0
G5_8d80050d3e6db52b,G5_8d80050d3e6db52b,continued,2,1.0
G5_2d04b14d9775d258,G5_2d04b14d9775d258,continued,2,1.0
G5_cc53a772da06981b,G5_cc53a772da06981b,continued,2,1.0
G5_a089f87fcac5d3e4,G5_a089f87fcac5d3e4,continued,2,1.0
G5_d9a7edb940e6ec55,G5_d9a7edb940e6ec55,continued,2,1.0
G5_70caf658148cd267,G5_70caf658148cd267,continued,2,1.0
G5_91001942de37c1e8,G5_91001942de37c1e8,continued,2,1.0
G5_2512345dd1ade308,G5_2512345dd1ade308,continued,2,1.0
G5_87adbee89fa11ff9,G5_87adbee89fa11ff9,continued,2,1.0
G5_03d52fd58ee3948f,G5_03d52fd58ee3948f,continued,2,1.0
G5_726cfea91d3767da,G5_726cfea91d3767da,continued,2,1.0
G5_4a94d07985781d75,G5_4a94d07985781d75,continued,2,1.0
G5_88baef663301c786,G5_88baef663301c786,continued,2,1.0
G5_517b88580dcf5475,G5_517b88580dcf5475,continued,2,1.0
G5_964e682f539ad71e,G5_964e682f539ad71e,continued,2,1.0
G5_6a98d962494eabc1,G5_6a98d962494eabc1,continued,2,1.0
G5_bffe78520cf8ffc8,G5_bffe78520cf8ffc8,continued,2,1.0
G5_e6040f9893f15590,G5_e6040f9893f15590,continued,2,1.0
G5_152848a0533e6525,G5_152848a0533e6525,continued,2,1.0
G5_509ec7f0e402895f,G5_509ec7f0e402895f,continued,2,1.0
G5_d2b3180c79529b4f,G5_d2b3180c79529b4f,continued,2,1.0
G5_d7cc5ccc6e302fb8,G5_d7cc5ccc6e302fb8,continued,2,1.0
G5_2bfba9be504b8c43,G5_2bfba9be504b8c43,continued,2,1.0
G5_691bbf4d9f7c98d0,G5_691bbf4d9f7c98d0,continued,2,1.0
G5_c5da13d824d86fca,G5_c5da13d824d86fca,continued,2,1.0
G5_3a2abddcd5ac7d51,G5_3a2abddcd5ac7d51,continued,2,1.0
G5_cd8b99aecd84360d,G5_cd8b99aecd84360d,continued,2,1.0
G5_d6c17b61e4047d74,G5_d6c17b61e4047d74,continued,2,1.0
G5_17733cdd6a312e4f,G5_17733cdd6a312e4f,continued,2,1.0
G5_802bc6ac9d5f6dd2,G5_802bc6ac9d5f6dd2,continued,2,1.0
G5_961228cf19852752,G5_961228cf19852752,continued,2,1.0
G5_4842d7eb29a00f7f,G5_4842d7eb29a00f7f,continued,2,1.0
G5_242e26e9eccf0554,G5_242e26e9eccf0554,continued,2,1.0
G5_908cc83ed9c0f884,G5_908cc83ed9c0f884,continued,2,1.0
G5_3afeb8d0894f2932,G5_3afeb8d0894f2932,continued,2,1.0
G5_11bab6eca8f33128,G5_11bab6eca8f33128,continued,2,1.0
G5_10e406d7ec530810,G5_10e406d7ec530810,continued,2,1.0
G5_896f187689ee81c1,G5_896f187689ee81c1,continued,2,1.0
G5_21cf368e2981cb33,G5_21cf368e2981cb33,continued,2,1.0
G5_f9b7db6a220b897d,G5_f9b7db6a220b897d,continued,2,1.0
G5_1f9d06d394516984,G5_1f9d06d394516984,continued,2,1.0
G5_80e6b4b91d071ba9,G5_80e6b4b91d071ba9,continued,2,1.0
G5_0d5ace264e2e507b,G5_0d5ace264e2e507b,continued,2,1.0
G5_a881bf8132bf6982,G5_a881bf8132bf6982,continued,2,1.0
G5_a942271816cd3da3,G5_a942271816cd3da3,continued,2,1.0
G5_8e616e60a8ad811e,G5_8e616e60a8ad811e,continued,2,1.0
G5_3aa701d2067685a7,G5_3aa701d2067685a7,continued,2,1.0
G5_7f549175c79dc8ef,G5_7f549175c79dc8ef,continued,2,1.0
G5_246eeccf904e6c2b,G5_246eeccf904e6c2b,continued,2,1.0
G5_dfe1acf9f7862604,G5_dfe1acf9f7862604,continued,2,1.0
G5_419a40619c2064d5,G5_419a40619c2064d5,continued,2,1.0
G5_4fe26540a43d0d61,G5_4fe26540a43d0d61,continued,2,1.0
G5_1d2c4696c4819799,G5_1d2c4696c4819799,continued,2,1.0
G5_10b00563c5289386,G5_10b00563c5289386,continued,2,1.0
G5_edb6397b6301342a,G5_edb6397b6301342a,continued,2,1.0
G5_a1f121c634f2bec0,G5_a1f121c634f2bec0,continued,2,1.0
G5_68b98d8e1a19bd3e,G5_68b98d8e1a19bd3e,continued,2,1.0
G5_c3d39a695a5446c8,G5_c3d39a695a5446c8,continued,2,1.0
G5_57a2d9e1cea1614a,G5_57a2d9e1cea1614a,continued,2,1.0
G5_932bb49c0a5ad6df,G5_932bb49c0a5ad6df,continued,2,1.0
G5_e1922fe8150f8ec2,G5_e1922fe8150f8ec2,continued,2,1.0
G5_fef2f610e104cd65,G5_fef2f610e104cd65,continued,2,1.0
G5_30d524777a76b634,G5_30d524777a76b634,continued,2,1.0
G5_2074f135b37ca8dc,G5_2074f135b37ca8dc,continued,2,1.0
G5_1f36f6cef07ffcbf,G5_1f36f6cef07ffcbf,continued,2,1.0
G5_3674b642644ca408,G5_3674b642644ca408,continued,1,1.0
G5_3947321453b41c7a,G5_3947321453b41c7a,continued,1,1.0
G5_44a82989f020f179,G5_44a82989f020f179,continued,1,1.0
G5_65397217632494ce,G5_65397217632494ce,continued,1,1.0
G5_6dd9f850887c4a20,G5_6dd9f850887c4a20,continued,1,1.0
G5_64ce2e0c6f5ef486,G5_64ce2e0c6f5ef486,continued,1,1.0
G5_aea930a4c0a44fc5,G5_aea930a4c0a44fc5,continued,1,1.0
G5_5b5546d3409bfb6a,G5_5b5546d3409bfb6a,continued,1,1.0
G5_a660dd1bea901711,G5_a660dd1bea901711,continued,1,1.0
G5_5647a5e0ae0aff18,G5_5647a5e0ae0aff18,continued,1,1.0
G5_398b4b77399dbb05,G5_398b4b77399dbb05,continued,1,1.0
G5_e875422bea6ddeb1,G5_e875422bea6ddeb1,continued,1,1.0
G5_5316d25bbb258090,G5_5316d25bbb258090,continued,1,1.0
G5_e0cd0596b6eddf2b,G5_e0cd0596b6eddf2b,continued,1,1.0
G5_1efda8a2e975095a,G5_1efda8a2e975095a,continued,1,1.0
G5_b312045160a43243,G5_b312045160a43243,continued,1,1.0
G5_482e4e4a7adbde11,G5_482e4e4a7adbde11,continued,1,1.0
G5_7362f9da53fe7448,G5_7362f9da53fe7448,continued,1,1.0
G5_6c614c33e7cc1c0a,G5_6c614c33e7cc1c0a,continued,1,1.0
G5_6c614c33e7cc1c0a52,G5_6c614c33e7cc1c0a52,continued,1,1.0
G5_fcb948ad4bbf7ee5,G5_fcb948ad4bbf7ee5,continued,1,1.0
G5_6c1d1da90a68ceea,G5_6c1d1da90a68ceea,continued,1,1.0
G5_7d040936894b1cd8,G5_7d040936894b1cd8,continued,1,1.0
G5_e519b4b146032e36,G5_e519b4b146032e36,continued,1,1.0
G5_7083381fd0ed23b9,G5_7083381fd0ed23b9,continued,1,1.0
G5_5d3729524ae0301c,G5_5d3729524ae0301c,continued,1,1.0
G5_9e923b5f7add43bd,G5_9e923b5f7add43bd,continued,1,1.0
G5_527039513d7d8ae2,G5_527039513d7d8ae2,continued,1,1.0
G5_3031eaa581e3d1ad,G5_3031eaa581e3d1ad,continued,1,1.0
G5_277082b72312fd70,G5_277082b72312fd70,continued,1,1.0
G5_4788c207f93791b1,G5_4788c207f93791b1,continued,1,1.0
G5_2422f2d95ca90833,G5_2422f2d95ca90833,continued,1,1.0
G5_c7e0fce31a26cf62,G5_c7e0fce31a26cf62,continued,1,1.0
G5_b89419ffdb11b7a1,G5_b89419ffdb11b7a1,continued,1,1.0
G5_a67ced2d0186d090,G5_a67ced2d0186d090,continued,1,1.0
G5_5c64cae7cb4059f5,G5_5c64cae7cb4059f5,continued,1,1.0
G5_c5401922bfc74860,G5_c5401922bfc74860,continued,1,1.0
G5_babe777a7145dd98,G5_babe777a7145dd98,continued,1,1.0
G5_fd55fc58fabe1aaf,G5_fd55fc58fabe1aaf,continued,1,1.0
G5_edc9baaf888257fe,G5_edc9baaf888257fe,continued,1,1.0
G5_37009216681925a6,G5_37009216681925a6,continued,1,1.0
G5_e968b926431fe67a,G5_e968b926431fe67a,continued,1,1.0
G5_57434db1c3d14ff1,G5_57434db1c3d14ff1,continued,1,1.0
G5_60f56ff3b85a5685,G5_60f56ff3b85a5685,continued,1,1.0
G5_5619790c10dc8bb6,G5_5619790c10dc8bb6,continued,1,1.0
G5_2b2ac185b496370c,G5_2b2ac185b496370c,continued,1,1.0
G5_f3d9778fa8c13c9a,G5_f3d9778fa8c13c9a,continued,1,1.0
G5_fbe6e0bd6d6be339,G5_fbe6e0bd6d6be339,continued,1,1.0
G5_a8776b95cb0ef68f,G5_a8776b95cb0ef68f,continued,1,1.0
G5_a65635120fb6b4cb,G5_a65635120fb6b4cb,continued,1,1.0
G5_3a0a5fc5dc2f4096,G5_3a0a5fc5dc2f4096,continued,1,1.0
G5_0e9268bd2052dd56,G5_0e9268bd2052dd56,continued,1,1.0
G5_7ae7535a6a0c2dc4,G5_7ae7535a6a0c2dc4,continued,1,1.0
G5_6f3ed7a9a4ed3260,G5_6f3ed7a9a4ed3260,continued,1,1.0
G5_e0b9ad6b7f3337d9,G5_e0b9ad6b7f3337d9,continued,1,1.0
G5_1917daffb042febd,G5_1917daffb042febd,continued,1,1.0
G5_87b2bc2911b39455,G5_87b2bc2911b39455,continued,1,1.0
G5_83ab254ca5726feb,G5_83ab254ca5726feb,continued,1,1.0
G5_3e7c3c6ef5b37e15,G5_3e7c3c6ef5b37e15,continued,1,1.0
G5_e51442ed9e8c39f6,G5_e51442ed9e8c39f6,continued,1,1.0
G5_db9de28a86c8811d,G5_db9de28a86c8811d,continued,1,1.0
G5_88e3536768d5b0af,G5_88e3536768d5b0af,continued,1,1.0
G5_ac2a214063562048,G5_ac2a214063562048,continued,1,1.0
G5_ee556f6c333ccf9a,G5_ee556f6c333ccf9a,continued,1,1.0
G5_f623ac17a63c1399,G5_f623ac17a63c1399,continued,1,1.0
G5_99a584bfbbfabe84,G5_99a584bfbbfabe84,continued,1,1.0
G5_c90ac283988730cd,G5_c90ac283988730cd,continued,1,1.0
G5_c740b62cdc3d5c14,G5_c740b62cdc3d5c14,continued,1,1.0
G5_1e9fc6c36a50f0f7,G5_1e9fc6c36a50f0f7,continued,1,1.0
G5_377ba3444e50873a,G5_377ba3444e50873a,continued,1,1.0
G5_ce39210cab9b84a5,G5_ce39210cab9b84a5,continued,1,1.0
G5_4faf1e4dc7c519b0,G5_4faf1e4dc7c519b0,continued,1,1.0
G5_578cd2165fa539d6,G5_578cd2165fa539d6,continued,1,1.0
G5_662bd111fc40c326,G5_662bd111fc40c326,continued,1,1.0
G5_0d932c8203826ac7,G5_0d932c8203826ac7,continued,1,1.0
G5_77fc5f52f3f2099f,G5_77fc5f52f3f2099f,continued,1,1.0
G5_57aae387f991a673,G5_57aae387f991a673,continued,1,1.0
G5_883b9c2fca6176c3,G5_883b9c2fca6176c3,continued,1,1.0
G5_6a3fa95c033fa27e,G5_6a3fa95c033fa27e,continued,1,1.0
G5_f07a3ff14eb25f56,G5_f07a3ff14eb25f56,continued,1,1.0
G5_3f773956bae79a2b,G5_3f773956bae79a2b,continued,1,1.0
G5_6391514271230b2c,G5_6391514271230b2c,continued,1,1.0
G5_9f9757faea5018a2,G5_9f9757faea5018a2,continued,1,1.0
G5_9fb1c419ec12d924,G5_9fb1c419ec12d924,continued,1,1.0
G5_c1f1016fd8c4fb4c,G5_c1f1016fd8c4fb4c,continued,1,1.0
G5_a1d48f81fbe34807,G5_a1d48f81fbe34807,continued,1,1.0
G5_f7355c92f917982f,G5_f7355c92f917982f,continued,1,1.0
G5_77f1201b279ec3ba,G5_77f1201b279ec3ba,continued,1,1.0
G5_ded78c1df162faca,G5_ded78c1df162faca,continued,1,1.0
G5_44e67cfaff9929a1,G5_44e67cfaff9929a1,continued,1,1.0
G5_ba625c08a7526fd0,G5_ba625c08a7526fd0,continued,1,1.0
G5_22e993987c1e8eb1,G5_22e993987c1e8eb1,continued,1,1.0
G5_3122d430182ffeaf,G5_3122d430182ffeaf,continued,1,1.0
G5_3f33fe169324c4b7,G5_3f33fe169324c4b7,continued,1,1.0
G5_ed0d14825ad2dfcb,G5_ed0d14825ad2dfcb,continued,1,1.0
G5_442f679cf0694dbb,G5_442f679cf0694dbb,continued,1,1.0
G5_2e40cdbdb834dc78,G5_2e40cdbdb834dc78,continued,1,1.0
G5_43d6d24a94ab431b,G5_43d6d24a94ab431b,continued,1,1.0
G5_07fdcbc20a4d424d,G5_07fdcbc20a4d424d,continued,1,1.0
G5_5af0e810c308bc84,G5_5af0e810c308bc84,continued,1,1.0
G5_53ba81dc1bfd8ab4,G5_53ba81dc1bfd8ab4,continued,1,1.0
G5_5904a8b8a6fd4e54,G5_5904a8b8a6fd4e54,continued,1,1.0
G5_59353c7d22079050,G5_59353c7d22079050,continued,1,1.0
G5_fc141d9b21e2a1d3,G5_fc141d9b21e2a1d3,continued,1,1.0
G5_decadec9fa638e02,G5_decadec9fa638e02,continued,1,1.0
G5_b319feea36f5afaf,G5_b319feea36f5afaf,continued,1,1.0
G5_ec5e62b57b7c0dc6,G5_ec5e62b57b7c0dc6,continued,1,1.0
G5_da859696bd723903,G5_da859696bd723903,continued,1,1.0
G5_4eb314d6d5073ac9,G5_4eb314d6d5073ac9,continued,1,1.0
G5_577904b45d573af9,G5_577904b45d573af9,continued,1,1.0
G5_1581d4e96ab51739,G5_1581d4e96ab51739,continued,1,1.0
G5_bdfffc0f49d8e327,G5_bdfffc0f49d8e327,continued,1,1.0
G5_cbea9eb44b4d2462,G5_cbea9eb44b4d2462,continued,1,1.0
G5_27951b17d958850a,G5_27951b17d958850a,continued,1,1.0
G5_2a05aeeda2723982,G5_2a05aeeda2723982,continued,1,1.0
G5_e2670725286124c4,G5_e2670725286124c4,continued,1,1.0
G5_17b87add5411bb3c,G5_17b87add5411bb3c,continued,1,1.0
G5_6c558f66bfc68858,G5_6c558f66bfc68858,continued,1,1.0
G5_1ce19a93644e40be,G5_1ce19a93644e40be,continued,1,1.0
G5_7750b9a64082c81e,G5_7750b9a64082c81e,continued,1,1.0
G5_006a9b927811fe1e,G5_006a9b927811fe1e,continued,1,1.0
G5_a67c1a7bf5a38cc4,G5_a67c1a7bf5a38cc4,continued,1,1.0
G5_cdfe28dc0e31497b,G5_cdfe28dc0e31497b,continued,1,1.0
G5_1c1f91382dfed329,G5_1c1f91382dfed329,continued,1,1.0
G5_ccc6fee3a5c7853b,G5_ccc6fee3a5c7853b,continued,1,1.0
G5_3ed5b316db8f41d3,G5_3ed5b316db8f41d3,continued,1,1.0
G5_8c303eb96f2b023b,G5_8c303eb96f2b023b,continued,1,1.0
G5_7c62144507d6c19e,G5_7c62144507d6c19e,continued,1,1.0
G5_067d094bfcc4f4d3,G5_067d094bfcc4f4d3,continued,1,1.0
G5_0d62163ae8b368dd,G5_0d62163ae8b368dd,continued,1,1.0
G5_4bf6f562b20f19d9,G5_4bf6f562b20f19d9,continued,1,1.0
G5_7930d4ff4238d36f,G5_7930d4ff4238d36f,continued,1,1.0
G5_d7062fa09effc530,G5_d7062fa09effc530,continued,1,1.0
G5_1450dfbe0ee897d2,G5_1450dfbe0ee897d2,continued,1,1.0
G5_50296aff94c5edaa,G5_50296aff94c5edaa,continued,1,1.0
G5_8cb9f4c8123256cc,G5_8cb9f4c8123256cc,continued,1,1.0
G5_490a824e0d1980b8,G5_490a824e0d1980b8,continued,1,1.0
G5_8b4eeeef61a9752a,G5_8b4eeeef61a9752a,continued,1,1.0
G5_056fc5f0031007a1,G5_056fc5f0031007a1,continued,1,1.0
G5_4ca25f753968ea56,G5_4ca25f753968ea56,continued,1,1.0
G5_d2bdf875ad23e7cf,G5_d2bdf875ad23e7cf,continued,1,1.0
G5_159c0bc69667a09b,G5_159c0bc69667a09b,continued,1,1.0
G5_c608aebb957775c9,G5_c608aebb957775c9,continued,1,1.0
G5_19bc01aff57569c9,G5_19bc01aff57569c9,continued,1,1.0
G5_5f394714735d3865,G5_5f394714735d3865,continued,1,1.0
G5_f1ddfa3008c46d12,G5_f1ddfa3008c46d12,continued,1,1.0
G5_69b738d98b31f6b9,G5_69b738d98b31f6b9,continued,1,1.0
G5_5bacf5a7a639670d,G5_5bacf5a7a639670d,continued,1,1.0
G5_683f332ac91b4a0f,G5_683f332ac91b4a0f,continued,1,1.0
G5_f595da8d0f5d6ccc,G5_f595da8d0f5d6ccc,continued,1,1.0
G5_495b00ca2af87707,G5_495b00ca2af87707,continued,1,1.0
G5_b2020a75286f47ae,G5_b2020a75286f47ae,continued,1,1.0
G5_c3f12265be780c90,G5_c3f12265be780c90,continued,1,1.0
G5_1feee3f7b34671ca,G5_1feee3f7b34671ca,continued,1,1.0
G5_1c6f773819863879,G5_1c6f773819863879,continued,1,1.0
G5_ed1efca0c1eb6bbf,G5_ed1efca0c1eb6bbf,continued,1,1.0
G5_fcc112a41c4f9884,G5_fcc112a41c4f9884,continued,1,1.0
G5_2fe2602d81feafca,G5_2fe2602d81feafca,continued,1,1.0
G5_38adeba2ce4a2927,G5_38adeba2ce4a2927,continued,1,1.0
G5_2a379e9d2a51f848,G5_2a379e9d2a51f848,continued,1,1.0
G5_9d7680c55dba4a1a,G5_9d7680c55dba4a1a,continued,1,1.0
G5_5cbf92685e3d7830,G5_5cbf92685e3d7830,continued,1,1.0
G5_e494f4991834bad2,G5_e494f4991834bad2,continued,1,1.0
G5_6b447f938967708c,G5_6b447f938967708c,continued,1,1.0
G5_7ce3cad2e3da5565,G5_7ce3cad2e3da5565,continued,1,1.0
G5_51b91de9e603b501,G5_51b91de9e603b501,continued,1,1.0
G5_b0c1230208e74045,G5_b0c1230208e74045,continued,1,1.0
G5_df1221be60547106,G5_df1221be60547106,continued,1,1.0
G5_c6fd9c6f3a4ab872,G5_c6fd9c6f3a4ab872,continued,1,1.0
G5_20034336de530e51,G5_20034336de530e51,continued,1,1.0
G5_d562c4a02aa22c82,G5_d562c4a02aa22c82,continued,1,1.0
G5_0291929b2bf7c397,G5_0291929b2bf7c397,continued,1,1.0
G5_b51f5d58233320a2,G5_b51f5d58233320a2,continued,1,1.0
G5_15bd0b86743d5c6f,G5_15bd0b86743d5c6f,continued,1,1.0
G5_5126e8d3904ddbd9,G5_5126e8d3904ddbd9,continued,1,1.0
G5_fb24fd54b11275d5,G5_fb24fd54b11275d5,continued,1,1.0
G5_05592582861023b9,G5_05592582861023b9,continued,1,1.0
G5_6465108fb556720c,G5_6465108fb556720c,continued,1,1.0
G5_71f85b105b95a115,G5_71f85b105b95a115,continued,1,1.0
G5_45e65fa41432daca,G5_45e65fa41432daca,continued,1,1.0
G5_135b99545f26ec03,G5_135b99545f26ec03,continued,1,1.0
G5_4bf64280daa7a954,G5_4bf64280daa7a954,continued,1,1.0
G5_203f5a2b3a01127f,G5_203f5a2b3a01127f,continued,1,1.0
G5_532f693b3129364a,G5_532f693b3129364a,continued,1,1.0
G5_aa66afbfc50ff42b,G5_aa66afbfc50ff42b,continued,1,1.0
G5_aadd21b9faf56650,G5_aadd21b9faf56650,continued,1,1.0
G5_598f84f66d630d04,G5_598f84f66d630d04,continued,1,1.0
G5_75d5cfe89ae036e4,G5_75d5cfe89ae036e4,continued,1,1.0
G5_8b0c8147e06c8d42,G5_8b0c8147e06c8d42,continued,1,1.0
G5_c60eb4a950a433a6,G5_c60eb4a950a433a6,continued,1,1.0
G5_1787d33835eae144,G5_1787d33835eae144,continued,1,1.0
G5_f517e24c7a33f2fc,G5_f517e24c7a33f2fc,continued,1,1.0
G5_9cb907019609156d,G5_9cb907019609156d,continued,1,1.0
G5_be76683587c32695,G5_be76683587c32695,continued,1,1.0
G5_3c4ec0f14ba12174,G5_3c4ec0f14ba12174,continued,1,1.0
G5_2e9c246c811161ca,G5_2e9c246c811161ca,continued,1,1.0
G5_6d1bff08331b6dfb,G5_6d1bff08331b6dfb,continued,1,1.0
G5_93f024b5f0896f7a,G5_93f024b5f0896f7a,continued,1,1.0
G5_76e98c788c808b89,G5_76e98c788c808b89,continued,1,1.0
G5_a2e0756c672c8cc3,G5_a2e0756c672c8cc3,continued,1,1.0
G5_db29fdf80ba1d8dd,G5_db29fdf80ba1d8dd,continued,1,1.0
G5_315203e32805a900,G5_315203e32805a900,continued,1,1.0
G5_3983cd53270d9486,G5_3983cd53270d9486,continued,1,1.0
G5_3220acbcbd6bfb20,G5_3220acbcbd6bfb20,continued,1,1.0
G5_51a4e8130f1cd36d,G5_51a4e8130f1cd36d,continued,1,1.0
G5_5460712982815e52,G5_5460712982815e52,continued,1,1.0
G5_1a7831e8ba2c8c60,G5_1a7831e8ba2c8c60,continued,1,1.0
G5_45d51c0f69be7eba,G5_45d51c0f69be7eba,continued,1,1.0
G5_fc649531f1bac6f2,G5_fc649531f1bac6f2,continued,1,1.0
G5_de2be9609f4c3658,G5_de2be9609f4c3658,continued,1,1.0
G5_093524e176fd6655,G5_093524e176fd6655,continued,1,1.0
G5_2a0159e9b6fd53d6,G5_2a0159e9b6fd53d6,continued,1,1.0
G5_d3c0f20ca3d812ec,G5_d3c0f20ca3d812ec,continued,1,1.0
G5_042d5da81eea4b79,G5_042d5da81eea4b79,continued,1,1.0
G5_0f4604f78d5fdfaa,G5_0f4604f78d5fdfaa,continued,1,1.0
G5_bc14abe9b1197aa3,G5_bc14abe9b1197aa3,continued,1,1.0
G5_3ca82a053a80540c,G5_3ca82a053a80540c,continued,1,1.0
G5_4bac13a761af9345,G5_4bac13a761af9345,continued,1,1.0
G5_ea70443610b4a591,G5_ea70443610b4a591,continued,1,1.0
G5_c48da3f9c3aa56fc,G5_c48da3f9c3aa56fc,continued,1,1.0
G5_26a6a5c169d9c207,G5_26a6a5c169d9c207,continued,1,1.0
G5_28cec028f662c6cb,G5_28cec028f662c6cb,continued,1,1.0
G5_7ecd3884a3378593,G5_7ecd3884a3378593,continued,1,1.0
G5_5ae107c0624afeb6,G5_5ae107c0624afeb6,continued,1,1.0
G5_71121c36c498df48,G5_71121c36c498df48,continued,1,1.0
G5_2bdfa3f8bb376fed,G5_2bdfa3f8bb376fed,continued,1,1.0
G5_5c87c6c8becbe31f,G5_5c87c6c8becbe31f,continued,1,1.0
G5_e2e98be7af2a8cb8,G5_e2e98be7af2a8cb8,continued,1,1.0
G5_a1818e648f03a02e,G5_a1818e648f03a02e,continued,1,1.0
G5_7592e8dd8c709182,G5_7592e8dd8c709182,continued,1,1.0
G5_cc625fa000888a64,G5_cc625fa000888a64,continued,1,1.0
G5_0f51562a5ebddd63,G5_0f51562a5ebddd63,continued,1,1.0
G5_bca1f2323a5a734c,G5_bca1f2323a5a734c,continued,1,1.0
G5_eb2b8a7678e4ea60,G5_eb2b8a7678e4ea60,continued,1,1.0
G5_305915bf3a02698c,G5_305915bf3a02698c,continued,1,1.0
G5_4ee1f964f704a7da,G5_4ee1f964f704a7da,continued,1,1.0
G5_dcc434ccf119726a,G5_dcc434ccf119726a,continued,1,1.0
G5_e7927928eba3b8e5,G5_e7927928eba3b8e5,continued,1,1.0
G5_45c095eadda8a414,G5_45c095eadda8a414,continued,1,1.0
G5_a8306cdcba02c348,G5_a8306cdcba02c348,continued,1,1.0
G5_3c0437c8f4987d12,G5_3c0437c8f4987d12,continued,1,1.0
G5_3aa92981be37946b,G5_3aa92981be37946b,continued,1,1.0
G5_b520ffed66fb3a9b,G5_b520ffed66fb3a9b,continued,1,1.0
G5_6423132358a1f675,G5_6423132358a1f675,continued,1,1.0
G5_e91d4b4780aec496,G5_e91d4b4780aec496,continued,1,1.0
G5_d990fb1ff9d7289e,G5_d990fb1ff9d7289e,continued,1,1.0
G5_684a03f2b485d8e4,G5_684a03f2b485d8e4,continued,1,1.0
G5_972b63898564e49c,G5_972b63898564e49c,continued,1,1.0
G5_19bc1b5207d882a9,G5_19bc1b5207d882a9,continued,1,1.0
G5_13ddb9aae91c14f9,G5_13ddb9aae91c14f9,continued,1,1.0
G5_0ded5cf6997b2e7b,G5_0ded5cf6997b2e7b,continued,1,1.0
G5_0c76b89d96f83445,G5_0c76b89d96f83445,continued,1,1.0
G5_ddf97002645454e2,G5_ddf97002645454e2,continued,1,1.0
G5_0c76b89d96f83445ad,G5_0c76b89d96f83445ad,continued,1,1.0
G5_cf667d6dc52eb36c,G5_cf667d6dc52eb36c,continued,1,1.0
G5_2e6af7796c786ff3,G5_2e6af7796c786ff3,continued,1,1.0
G5_c9960078894e8e5b,G5_c9960078894e8e5b,continued,1,1.0
G5_d13a14d1435fa022,G5_d13a14d1435fa022,continued,1,1.0
G5_927a722aa0d990d1,G5_927a722aa0d990d1,continued,1,1.0
G5_c104678511c0c532,G5_c104678511c0c532,continued,1,1.0
G5_f08c3a33a6d8e2d9,G5_f08c3a33a6d8e2d9,continued,1,1.0
G5_22b650c45408be3f,G5_22b650c45408be3f,continued,1,1.0
G5_8b1c6b4472e4e4af,G5_8b1c6b4472e4e4af,continued,1,1.0
G5_d5419e600c3f523c,G5_d5419e600c3f523c,continued,1,1.0
G5_dae05e1f4d7d9c38,G5_dae05e1f4d7d9c38,continued,1,1.0
G5_529016c99b33d1af,G5_529016c99b33d1af,continued,1,1.0
G5_2a9812f9cf45b300,G5_2a9812f9cf45b300,continued,1,1.0
G5_338bf7904e56d300,G5_338bf7904e56d300,continued,1,1.0
G5_edbc1a09df451846,G5_edbc1a09df451846,continued,1,1.0
G5_89b0809916f123ea,G5_89b0809916f123ea,continued,1,1.0
G5_471b7a168a57992d,G5_471b7a168a57992d,continued,1,1.0
G5_02bd627803870bc0,G5_02bd627803870bc0,continued,1,1.0
G5_df1957e11b97c302,G5_df1957e11b97c302,continued,1,1.0
G5_dbe706fbcc115cef,G5_dbe706fbcc115cef,continued,1,1.0
G5_598f5d2aaa7870dc,G5_598f5d2aaa7870dc,continued,1,1.0
G5_3374cd98e5bdb118,G5_3374cd98e5bdb118,continued,1,1.0
G5_889842e25afc577e,G5_889842e25afc577e,continued,1,1.0
G5_9a900f1f05ad545c,G5_9a900f1f05ad545c,continued,1,1.0
G5_6083f6c402ce76e3,G5_6083f6c402ce76e3,continued,1,1.0
G5_dfd494bfdc60e6fb,G5_dfd494bfdc60e6fb,continued,1,1.0
G5_d0551ee0fb206507,G5_d0551ee0fb206507,continued,1,1.0
G5_5f16710ed2a4d639,G5_5f16710ed2a4d639,continued,1,1.0
G5_58e8a739ff4e8bcf,G5_58e8a739ff4e8bcf,continued,1,1.0
G5_dfbb9a0da9e44411,G5_dfbb9a0da9e44411,continued,1,1.0
G5_a9b21e8a82f5cf5e,G5_a9b21e8a82f5cf5e,continued,1,1.0
G5_efb3e8dff8788425,G5_efb3e8dff8788425,continued,1,1.0
G5_e1496762776b7b90,G5_e1496762776b7b90,continued,1,1.0
G5_081fa7405482e95e,G5_081fa7405482e95e,continued,1,1.0
G5_ef2b434b8bd5cc7c,G5_ef2b434b8bd5cc7c,continued,1,1.0
G5_53402c67d956cd4b,G5_53402c67d956cd4b,continued,1,1.0
G5_8ce2f3daf3a7248e,G5_8ce2f3daf3a7248e,continued,1,1.0
G5_919051623d45a7fa,G5_919051623d45a7fa,continued,1,1.0
G5_e6e528c4e0b9c94b,G5_e6e528c4e0b9c94b,continued,1,1.0
G5_b165581bf7d8fda7,G5_b165581bf7d8fda7,continued,1,1.0
G5_d7b5095f55037369,G5_d7b5095f55037369,continued,1,1.0
G5_0ec66f6f3f15e0b0,G5_0ec66f6f3f15e0b0,continued,1,1.0
G5_7fa36a507f11a226,G5_7fa36a507f11a226,continued,1,1.0
G5_1be6c22d438574b5,G5_1be6c22d438574b5,continued,1,1.0
G5_1368e5f3de5e1c33,G5_1368e5f3de5e1c33,continued,1,1.0
G5_669aa4f7427e7b01,G5_669aa4f7427e7b01,continued,1,1.0
G5_1230d95d0365e5ac,G5_1230d95d0365e5ac,continued,1,1.0
G5_7775bd728a893794,G5_7775bd728a893794,continued,1,1.0
G5_b4c507097594b668,G5_b4c507097594b668,continued,1,1.0
G5_7577c2f2af7aa165,G5_7577c2f2af7aa165,continued,1,1.0
G5_7577c2f2af7aa165b1,G5_7577c2f2af7aa165b1,continued,1,1.0
G5_cf9280ec62bc2543,G5_cf9280ec62bc2543,continued,1,1.0
G5_4b1d0c7e7a09975c,G5_4b1d0c7e7a09975c,continued,1,1.0
G5_baa3a8594259ffac,G5_baa3a8594259ffac,continued,1,1.0
G5_931f9f03644af68d,G5_931f9f03644af68d,continued,1,1.0
G5_0e056dd032fef8cd,G5_0e056dd032fef8cd,continued,1,1.0
G5_573c98fc16b0a6cf,G5_573c98fc16b0a6cf,continued,1,1.0
G5_984ea0a41a76173d,G5_984ea0a41a76173d,continued,1,1.0
G5_5b07b00e99ec0777,G5_5b07b00e99ec0777,continued,1,1.0
G5_73c6332b598a8bef,G5_73c6332b598a8bef,continued,1,1.0
G5_31d67f65e6a654cd,G5_31d67f65e6a654cd,continued,1,1.0
G5_aca3dd98421d7d02,G5_aca3dd98421d7d02,continued,1,1.0
G5_8cfd49a97a2c4d90,G5_8cfd49a97a2c4d90,continued,1,1.0
G5_c0bd6050995b8401,G5_c0bd6050995b8401,continued,1,1.0
G5_68f8bf3d5138b6a5,G5_68f8bf3d5138b6a5,continued,1,1.0
G5_11a2e0b2b8686291,G5_11a2e0b2b8686291,continued,1,1.0
G5_e4052d8569539195,G5_e4052d8569539195,continued,1,1.0
G5_9882e1e73dbfe039,G5_9882e1e73dbfe039,continued,1,1.0
G5_10983662ffa4281f,G5_10983662ffa4281f,continued,1,1.0
G5_c8aefec528586f0c,G5_c8aefec528586f0c,continued,1,1.0
G5_ed03b022d53983f4,G5_ed03b022d53983f4,continued,1,1.0
G5_571a1a122ec44340,G5_571a1a122ec44340,continued,1,1.0
G5_028a952756c37543,G5_028a952756c37543,continued,1,1.0
G5_e81faab7d9f54538,G5_e81faab7d9f54538,continued,1,1.0
G5_74459b1108057c5f,G5_74459b1108057c5f,continued,1,1.0
G5_d84917ae45b00571,G5_d84917ae45b00571,continued,1,1.0
G5_83372482c065cf70,G5_83372482c065cf70,continued,1,1.0
G5_2892512e02d452c0,G5_2892512e02d452c0,continued,1,1.0
G5_5f93241fcf9efb25,G5_5f93241fcf9efb25,continued,1,1.0
G5_a4fa995670da1f91,G5_a4fa995670da1f91,continued,1,1.0
G5_5de6bbc1c8bda9da,G5_5de6bbc1c8bda9da,continued,1,1.0
G5_f15dcf6ae588f42c,G5_f15dcf6ae588f42c,continued,1,1.0
G5_b8eefa7deab2fdb2,G5_b8eefa7deab2fdb2,continued,1,1.0
G5_61f3c334edd4d590,G5_61f3c334edd4d590,continued,1,1.0
G5_ca5f8d62afa50141,G5_ca5f8d62afa50141,continued,1,1.0
G5_f0b56e0b682ae832,G5_f0b56e0b682ae832,continued,1,1.0
G5_f8a6ae7952b25858,G5_f8a6ae7952b25858,continued,1,1.0
G5_c9e31aecccad17a4,G5_c9e31aecccad17a4,continued,1,1.0
G5_92f0f7b4681e6b7d,G5_92f0f7b4681e6b7d,continued,1,1.0
G5_1cb41d2937d77d8e,G5_1cb41d2937d77d8e,continued,1,1.0
G5_ab03b003a8985a02,G5_ab03b003a8985a02,continued,1,1.0
G5_9283bca4a938ba91,G5_9283bca4a938ba91,continued,1,1.0
G5_93f1fa43f54fe5ea,G5_93f1fa43f54fe5ea,continued,1,1.0
G5_7f1dcd4907b5dc90,G5_7f1dcd4907b5dc90,continued,1,1.0
G5_1cc8042e36162c68,G5_1cc8042e36162c68,continued,1,1.0
G5_aaf8c06f2c3d4e7f,G5_aaf8c06f2c3d4e7f,continued,1,1.0
G5_9fdc5ccef9c209a0,G5_9fdc5ccef9c209a0,continued,1,1.0
G5_5efd5046491f6720,G5_5efd5046491f6720,continued,1,1.0
G5_b09c77e8421ef34a,G5_b09c77e8421ef34a,continued,1,1.0
G5_ec9104a83b984ac2,G5_ec9104a83b984ac2,continued,1,1.0
G5_4bac6fbe552b1ca8,G5_4bac6fbe552b1ca8,continued,1,1.0
G5_cbf4c6a7289c7256,G5_cbf4c6a7289c7256,continued,1,1.0
G5_dd79f608148a0c7d,G5_dd79f608148a0c7d,continued,1,1.0
G5_7962a58b4009df87,G5_7962a58b4009df87,continued,1,1.0
G5_7198c538ad8b0f9c,G5_7198c538ad8b0f9c,continued,1,1.0
G5_7cfc257d71a5151e,G5_7cfc257d71a5151e,continued,1,1.0
G5_de507f8eee64aed4,G5_de507f8eee64aed4,continued,1,1.0
G5_55f2e2b14031866b,G5_55f2e2b14031866b,continued,1,1.0
G5_90059ff98dcb79ea,G5_90059ff98dcb79ea,continued,1,1.0
G5_c269f7545f655a1d,G5_c269f7545f655a1d,continued,1,1.0
G5_53c8db1e2808b1f3,G5_53c8db1e2808b1f3,continued,1,1.0
G5_4fcba774586a037f,G5_4fcba774586a037f,continued,1,1.0
G5_f9c022b70250ff70,G5_f9c022b70250ff70,continued,1,1.0
G5_0ff73f23c1fe4fec,G5_0ff73f23c1fe4fec,continued,1,1.0
G5_91edad936a00cbe6,G5_91edad936a00cbe6,continued,1,1.0
G5_2ff4b4f44fcc9434,G5_2ff4b4f44fcc9434,continued,1,1.0
G5_8489a441b8afc0b9,G5_8489a441b8afc0b9,continued,1,1.0
G5_53535e240dda1d69,G5_53535e240dda1d69,continued,1,1.0
G5_042966e56f938fc2,G5_042966e56f938fc2,continued,1,1.0
G5_d365ec2bff7a3252,G5_d365ec2bff7a3252,continued,1,1.0
G5_d529780349da3543,G5_d529780349da3543,continued,1,1.0
G5_c30fe33f756ded97,G5_c30fe33f756ded97,continued,1,1.0
G5_3fa2363879ed64cc,G5_3fa2363879ed64cc,continued,1,1.0
G5_adf30011c5fc00ba,G5_adf30011c5fc00ba,continued,1,1.0
G5_d419b2ca58782bcf,G5_d419b2ca58782bcf,continued,1,1.0
G5_b456bbbb4c047032,G5_b456bbbb4c047032,continued,1,1.0
G5_366bc8618996ca15,G5_366bc8618996ca15,continued,1,1.0
G5_414a58f461e8c9ae,G5_414a58f461e8c9ae,continued,1,1.0
G5_9330126495045c17,G5_9330126495045c17,continued,1,1.0
G5_504ee656c985b0a6,G5_504ee656c985b0a6,continued,1,1.0
G5_89b169854e3209d0,G5_89b169854e3209d0,continued,1,1.0
G5_e5566ee93827dea0,G5_e5566ee93827dea0,continued,1,1.0
G5_f367617653753242,G5_f367617653753242,continued,1,1.0
G5_d42aa0e6dccf7228,G5_d42aa0e6dccf7228,continued,1,1.0
G5_f896d97186e7070f,G5_f896d97186e7070f,continued,1,1.0
G5_653d552f7ce3f8ef,G5_653d552f7ce3f8ef,continued,1,1.0
G5_5041009f0e38131a,G5_5041009f0e38131a,continued,1,1.0
G5_836ad8282c62f549,G5_836ad8282c62f549,continued,1,1.0
G5_cb03043cb3a84b59,G5_cb03043cb3a84b59,continued,1,1.0
G5_c90a5f8b5cc42b1a,G5_c90a5f8b5cc42b1a,continued,1,1.0
G5_ebe7bdeb1034dee5,G5_ebe7bdeb1034dee5,continued,1,1.0
G5_27eac0b03f90c866,G5_27eac0b03f90c866,continued,1,1.0
G5_06dccfd2cea79575,G5_06dccfd2cea79575,continued,1,1.0
G5_17b87add5411bb3c59,G5_17b87add5411bb3c59,continued,1,1.0
G5_ac1abfeb3a84c672,G5_ac1abfeb3a84c672,continued,1,1.0
G5_b03269f548a5a020,G5_b03269f548a5a020,continued,1,1.0
G5_e798161fdb36e156,G5_e798161fdb36e156,continued,1,1.0
G5_36a8a2273d336126,G5_36a8a2273d336126,continued,1,1.0
G5_7260245b302f268f,G5_7260245b302f268f,continued,1,1.0
G5_dbc3c00dc2552979,G5_dbc3c00dc2552979,continued,1,1.0
G5_bbba29d7adb70dca,G5_bbba29d7adb70dca,continued,1,1.0
G5_dfe95ee3958f408d,G5_dfe95ee3958f408d,continued,1,1.0
G5_f92d7a184bc9ca58,G5_f92d7a184bc9ca58,continued,1,1.0
G5_e8ebabb09bc5ad17,G5_e8ebabb09bc5ad17,continued,1,1.0
G5_ffb1098e77542d9a,G5_ffb1098e77542d9a,continued,1,1.0
G5_c6c83a346ab42fc7,G5_c6c83a346ab42fc7,continued,1,1.0
G5_eeebe03b71c7eaa8,G5_eeebe03b71c7eaa8,continued,1,1.0
G5_3e9aac65b202ac4e,G5_3e9aac65b202ac4e,continued,1,1.0
G5_ac39635219afc90a,G5_ac39635219afc90a,continued,1,1.0
G5_28eb30604fdd063a,G5_28eb30604fdd063a,continued,1,1.0
G5_ef61794e4df44209,G5_ef61794e4df44209,continued,1,1.0
G5_c08f49870c710720,G5_c08f49870c710720,continued,1,1.0
G5_22b3f913f436ce89,G5_22b3f913f436ce89,continued,1,1.0
G5_14eb2ba1a2e0cace,G5_14eb2ba1a2e0cace,continued,1,1.0
G5_c365f4519150f78c,G5_c365f4519150f78c,continued,1,1.0
G5_08d196c4f589ff39,G5_08d196c4f589ff39,continued,1,1.0
G5_d5c80d9fc9580d1a,G5_d5c80d9fc9580d1a,continued,1,1.0
G5_fdaafad802cc1a3f,G5_fdaafad802cc1a3f,continued,1,1.0
G5_0d5dd0c81fe5a0f3,G5_0d5dd0c81fe5a0f3,continued,1,1.0
G5_13873ffd544441d5,G5_13873ffd544441d5,continued,1,1.0
G5_be5f6de02c6df1ff,G5_be5f6de02c6df1ff,continued,1,1.0
G5_b30b69188050e118,G5_b30b69188050e118,continued,1,1.0
G5_1f428377973c9658,G5_1f428377973c9658,continued,1,1.0
G5_0658421bc479f11e,G5_0658421bc479f11e,continued,1,1.0
G5_9761cca02abbbfe0,G5_9761cca02abbbfe0,continued,1,1.0
G5_0f0668d85f74f7d8,G5_0f0668d85f74f7d8,continued,1,1.0
G5_bc84f0ce46fa5707,G5_bc84f0ce46fa5707,continued,1,1.0
G5_cca6c9c6e9c9bcb2,G5_cca6c9c6e9c9bcb2,continued,1,1.0
G5_38a479bda1ca7f49,G5_38a479bda1ca7f49,continued,1,1.0
G5_06ee6942fd7b1d1b,G5_06ee6942fd7b1d1b,continued,1,1.0
G5_31c0abceec075a29,G5_31c0abceec075a29,continued,1,1.0
G5_022969c9de99a814,G5_022969c9de99a814,continued,1,1.0
G5_70b0fef53769d13e,G5_70b0fef53769d13e,continued,1,1.0
G5_4b5c68a7120f8aa8,G5_4b5c68a7120f8aa8,continued,1,1.0
G5_bdf313a92bbdeb8f,G5_bdf313a92bbdeb8f,continued,1,1.0
G5_9c6f8f8ea875f686,G5_9c6f8f8ea875f686,continued,1,1.0
G5_0db4f732d4692d48,G5_0db4f732d4692d48,continued,1,1.0
G5_cabd7af486dc332e,G5_cabd7af486dc332e,continued,1,1.0
G5_51b6de2fa8f2558f,G5_51b6de2fa8f2558f,continued,1,1.0
G5_9fe9a0edc8c5e7de,G5_9fe9a0edc8c5e7de,continued,1,1.0
G5_877650073598538d,G5_877650073598538d,continued,1,1.0
G5_141181bb1fcdd2d5,G5_141181bb1fcdd2d5,continued,1,1.0
G5_bccf75b7a81c155f,G5_bccf75b7a81c155f,continued,1,1.0
G5_6b197c5281004cbb,G5_6b197c5281004cbb,continued,1,1.0
G5_c9e3f90442618e95,G5_c9e3f90442618e95,continued,1,1.0
G5_b96f14f29c7c6588,G5_b96f14f29c7c6588,continued,1,1.0
G5_0377c10458514afb,G5_0377c10458514afb,continued,1,1.0
G5_61f7456281374e96,G5_61f7456281374e96,continued,1,1.0
G5_80128969c6aee0de,G5_80128969c6aee0de,continued,1,1.0
G5_e3ae1a09944ff5f3,G5_e3ae1a09944ff5f3,continued,1,1.0
G5_826ece864147c113,G5_826ece864147c113,continued,1,1.0
G5_5f1140dbce1394ce,G5_5f1140dbce1394ce,continued,1,1.0
G5_43cb114aecca0aab,G5_43cb114aecca0aab,continued,1,1.0
G5_1cd812e33972cce4,G5_1cd812e33972cce4,continued,1,1.0
G5_5a58cfd40ee7effc,G5_5a58cfd40ee7effc,continued,1,1.0
G5_fb1b420ff25fe489,G5_fb1b420ff25fe489,continued,1,1.0
G5_b9997888cee76de3,G5_b9997888cee76de3,continued,1,1.0
G5_e5e51aed06b8ffca,G5_e5e51aed06b8ffca,continued,1,1.0
G5_b6b1dd5c359950b0,G5_b6b1dd5c359950b0,continued,1,1.0
G5_d874bb73bf1ad441,G5_d874bb73bf1ad441,continued,1,1.0
G5_4a5fc39ec7c3016d,G5_4a5fc39ec7c3016d,continued,1,1.0
G5_281e5cec2886e02e,G5_281e5cec2886e02e,continued,1,1.0
G5_ba4b1b2bb13d6d20,G5_ba4b1b2bb13d6d20,continued,1,1.0
G5_69dccb5e226d878d,G5_69dccb5e226d878d,continued,1,1.0
G5_1627b572f19fe529,G5_1627b572f19fe529,continued,1,1.0
G5_1ed9967e7f189d7f,G5_1ed9967e7f189d7f,continued,1,1.0
G5_01f2be1914cce431,G5_01f2be1914cce431,continued,1,1.0
G5_ba23734e2078c3ac,G5_ba23734e2078c3ac,continued,1,1.0
G5_c6fb654c3af77484,G5_c6fb654c3af77484,continued,1,1.0
G5_e2c3c5e5b95e1af7,G5_e2c3c5e5b95e1af7,continued,1,1.0
G5_f478efc97470abd4,G5_f478efc97470abd4,continued,1,1.0
G5_c889d41e901f2183,G5_c889d41e901f2183,continued,1,1.0
G5_db056965df76892e,G5_db056965df76892e,continued,1,1.0
G5_2ac97362e6e59156,G5_2ac97362e6e59156,continued,1,1.0
G5_cc0be2185831f76d,G5_cc0be2185831f76d,continued,1,1.0
G5_5ad46701a8dcf309,G5_5ad46701a8dcf309,continued,1,1.0
G5_6e3ca20ecc7c58a3,G5_6e3ca20ecc7c58a3,continued,1,1.0
G5_12c71c580d3cb078,G5_12c71c580d3cb078,continued,1,1.0
G5_a6f3461883a85e0a,G5_a6f3461883a85e0a,continued,1,1.0
G5_a3242fa7e792502c,G5_a3242fa7e792502c,continued,1,1.0
G5_117cadcd73dd251c,G5_117cadcd73dd251c,continued,1,1.0
G5_ef104fe0ecb8fd35,G5_ef104fe0ecb8fd35,continued,1,1.0
G5_0a9468c1ca0be7b0,G5_0a9468c1ca0be7b0,continued,1,1.0
G5_01194e1ed282da0e,G5_01194e1ed282da0e,continued,1,1.0
G5_916a479c8e232683,G5_916a479c8e232683,continued,1,1.0
G5_91f5605bfe459fac,G5_91f5605bfe459fac,continued,1,1.0
G5_d329f72733a89845,G5_d329f72733a89845,continued,1,1.0
G5_4be7f81c5250d65f,G5_4be7f81c5250d65f,continued,1,1.0
G5_8233f8e9d16354e1,G5_8233f8e9d16354e1,continued,1,1.0
G5_d6751b89849e4784,G5_d6751b89849e4784,continued,1,1.0
G5_c06662d87bd84c92,G5_c06662d87bd84c92,continued,1,1.0
G5_24b09f6bc4e28211,G5_24b09f6bc4e28211,continued,1,1.0
G5_ca02cb970a1a167b,G5_ca02cb970a1a167b,continued,1,1.0
G5_dc85c8331344bca4,G5_dc85c8331344bca4,continued,1,1.0
G5_b0f0e48a14cc6497,G5_b0f0e48a14cc6497,continued,1,1.0
G5_c6c055ce386f64cd,G5_c6c055ce386f64cd,continued,1,1.0
G5_02148514972a152c,G5_02148514972a152c,continued,1,1.0
G5_bb471dc057985ae3,G5_bb471dc057985ae3,continued,1,1.0
G5_a804ca10246ed844,G5_a804ca10246ed844,continued,1,1.0
G5_0d205ac162c0681b,G5_0d205ac162c0681b,continued,1,1.0
G5_c0e36305ff6fb79a,G5_c0e36305ff6fb79a,continued,1,1.0
G5_9e0b2ba2f1fbb45f,G5_9e0b2ba2f1fbb45f,continued,1,1.0
G5_ba11a688427cf597,G5_ba11a688427cf597,continued,1,1.0
G5_933a240a6ff05d2a,G5_933a240a6ff05d2a,continued,1,1.0
G5_ea24e9e922e6efed,G5_ea24e9e922e6efed,continued,1,1.0
G5_4644f59e610872c7,G5_4644f59e610872c7,continued,1,1.0
G5_795e37bc7f243527,G5_795e37bc7f243527,continued,1,1.0
G5_8a6b8a00e2598703,G5_8a6b8a00e2598703,continued,1,1.0
G5_f9593c9352aaf74f,G5_f9593c9352aaf74f,continued,1,1.0
G5_3c74804f98ee7d22,G5_3c74804f98ee7d22,continued,1,1.0
G5_a8cc4cac5bbe839a,G5_a8cc4cac5bbe839a,continued,1,1.0
G5_721567c1bb0790ad,G5_721567c1bb0790ad,continued,1,1.0
G5_98c1d27ac7f80b3a,G5_98c1d27ac7f80b3a,continued,1,1.0
G5_e6af120a93ecb396,G5_e6af120a93ecb396,continued,1,1.0
G5_5dfcced5bddff7be,G5_5dfcced5bddff7be,continued,1,1.0
G5_3dc5028666de1378,G5_3dc5028666de1378,continued,1,1.0
G5_ae94bb6c516eadf9,G5_ae94bb6c516eadf9,continued,1,1.0
G5_34f17a509240bb6b,G5_34f17a509240bb6b,continued,1,1.0
G5_df43c49c24469c44,G5_df43c49c24469c44,continued,1,1.0
G5_20a5e7271b7a4943,G5_20a5e7271b7a4943,continued,1,1.0
G5_a5457e9f1e976ad0,G5_a5457e9f1e976ad0,continued,1,1.0
G5_7fe0f307e2255f31,G5_7fe0f307e2255f31,continued,1,1.0
G5_880d1a13fddde957,G5_880d1a13fddde957,continued,1,1.0
G5_2b5a70d32a72ed58,G5_2b5a70d32a72ed58,continued,1,1.0
G5_d7cfa3d448aee584,G5_d7cfa3d448aee584,continued,1,1.0
G5_598bd9f7c65de40e,G5_598bd9f7c65de40e,continued,1,1.0
G5_644b47c742b2b065,G5_644b47c742b2b065,continued,1,1.0
G5_156215951a9e1c6f,G5_156215951a9e1c6f,continued,1,1.0
G5_156215951a9e1c6f01,G5_156215951a9e1c6f01,continued,1,1.0
G5_51ba09f6911eaf20,G5_51ba09f6911eaf20,continued,1,1.0
G5_d1bb57176da2f0da,G5_d1bb57176da2f0da,continued,1,1.0
G5_2d95381ec5a81001,G5_2d95381ec5a81001,continued,1,1.0
G5_2f87c450f619e96e,G5_2f87c450f619e96e,continued,1,1.0
G5_c13cfc9ba8e1f5ef,G5_c13cfc9ba8e1f5ef,continued,1,1.0
G5_598bd9f7c65de40ead,G5_598bd9f7c65de40ead,continued,1,1.0
G5_12eeec9963ef1f78,G5_12eeec9963ef1f78,continued,1,1.0
G5_9d2d37982d2e979d,G5_9d2d37982d2e979d,continued,1,1.0
G5_68a9c35fc8c6e4cb,G5_68a9c35fc8c6e4cb,continued,1,1.0
G5_ffb958886a69afbc,G5_ffb958886a69afbc,continued,1,1.0
G5_a15fe074ff4f9b88,G5_a15fe074ff4f9b88,continued,1,1.0
G5_0a473efef4fefd0c,G5_0a473efef4fefd0c,continued,1,1.0
G5_0b4758eef83a5586,G5_0b4758eef83a5586,continued,1,1.0
G5_957331d342910fb1,G5_957331d342910fb1,continued,1,1.0
G5_2f4ca1c3920a6eb1,G5_2f4ca1c3920a6eb1,continued,1,1.0
G5_9e36784e873b6750,G5_9e36784e873b6750,continued,1,1.0
G5_3dd34e65261d25d5,G5_3dd34e65261d25d5,continued,1,1.0
G5_039f3c74d9b5b684,G5_039f3c74d9b5b684,continued,1,1.0
G5_21b0edf084fd9494,G5_21b0edf084fd9494,continued,1,1.0
G5_1a79b4ccd6c5d492,G5_1a79b4ccd6c5d492,continued,1,1.0
G5_08618c2306d31be5,G5_08618c2306d31be5,continued,1,1.0
G5_aee9cd7265d57087,G5_aee9cd7265d57087,continued,1,1.0
G5_8e632a5946245795,G5_8e632a5946245795,continued,1,1.0
G5_303c0a0381dad1da,G5_303c0a0381dad1da,continued,1,1.0
G5_03e05a224acecb0f,G5_03e05a224acecb0f,continued,1,1.0
G5_9525bbc3fc0edede,G5_9525bbc3fc0edede,continued,1,1.0
G5_cb118c3b5f19e311,G5_cb118c3b5f19e311,continued,1,1.0
G5_b849668e80770076,G5_b849668e80770076,continued,1,1.0
G5_f059647f03eb08ee,G5_f059647f03eb08ee,continued,1,1.0
G5_ad112e784db2a49b,G5_ad112e784db2a49b,continued,1,1.0
G5_9613adb4db16946a,G5_9613adb4db16946a,continued,1,1.0
G5_f904ae99a45128c1,G5_f904ae99a45128c1,continued,1,1.0
G5_cd4380fcaf0b7e05,G5_cd4380fcaf0b7e05,continued,1,1.0
G5_bca0c8b8beb56e8e,G5_bca0c8b8beb56e8e,continued,1,1.0
G5_9ad4fe4d8fe8b0f7,G5_9ad4fe4d8fe8b0f7,continued,1,1.0
G5_5a888558df2fa053,G5_5a888558df2fa053,continued,1,1.0
G5_95163844c6d2df8f,G5_95163844c6d2df8f,continued,1,1.0
G5_f541148a3069ff05,G5_f541148a3069ff05,continued,1,1.0
G5_7ec2560a2a75c903,G5_7ec2560a2a75c903,continued,1,1.0
G5_4b03f8a1c1c6e594,G5_4b03f8a1c1c6e594,continued,1,1.0
G5_9ce1d02708863d8e,G5_9ce1d02708863d8e,continued,1,1.0
G5_31606811741c26c5,G5_31606811741c26c5,continued,1,1.0
G5_20c535992f93cbf1,G5_20c535992f93cbf1,continued,1,1.0
G5_016c6d8f9b3f64b7,G5_016c6d8f9b3f64b7,continued,1,1.0
G5_e8722b3878d71410,G5_e8722b3878d71410,continued,1,1.0
G5_1f9904114c2ee386,G5_1f9904114c2ee386,continued,1,1.0
G5_ec338e336613d995,G5_ec338e336613d995,continued,1,1.0
G5_34b0fa08cf7a0218,G5_34b0fa08cf7a0218,continued,1,1.0
G5_0428611a46834a02,G5_0428611a46834a02,continued,1,1.0
G5_de3959fc860c3167,G5_de3959fc860c3167,continued,1,1.0
G5_e0b61d84cb599e5a,G5_e0b61d84cb599e5a,continued,1,1.0
G5_aa7de67c67c17168,G5_aa7de67c67c17168,continued,1,1.0
G5_2b778556442d3a1d,G5_2b778556442d3a1d,continued,1,1.0
G5_901e8343e0e741ae,G5_901e8343e0e741ae,continued,1,1.0
G5_e04f61bb206de1a3,G5_e04f61bb206de1a3,continued,1,1.0
G5_04d19334ce46d6a5,G5_04d19334ce46d6a5,continued,1,1.0
G5_8b92daa2c8359fed,G5_8b92daa2c8359fed,continued,1,1.0
G5_10aba36f585f9c1c,G5_10aba36f585f9c1c,continued,1,1.0
G5_eddc176a324e91aa,G5_eddc176a324e91aa,continued,1,1.0
G5_9ff88487662bfb90,G5_9ff88487662bfb90,continued,1,1.0
G5_5db3872255e26676,G5_5db3872255e26676,continued,1,1.0
G5_4bf6f562b20f19d9f7,G5_4bf6f562b20f19d9f7,continued,1,1.0
G5_caafde83b805c974,G5_caafde83b805c974,continued,1,1.0
G5_46b8a0ba8ab5c371,G5_46b8a0ba8ab5c371,continued,1,1.0
G5_1c3cdb0f025baf09,G5_1c3cdb0f025baf09,continued,1,1.0
G5_c3b5e8e3f4721fe2,G5_c3b5e8e3f4721fe2,continued,1,1.0
G5_d60c211dfae1e6e5,G5_d60c211dfae1e6e5,continued,1,1.0
G5_3dd0de2830993bcc,G5_3dd0de2830993bcc,continued,1,1.0
G5_6c383d2ee19c32c8,G5_6c383d2ee19c32c8,continued,1,1.0
G5_9f9c44b6730c445c,G5_9f9c44b6730c445c,continued,1,1.0
G5_9b340c08145d410f,G5_9b340c08145d410f,continued,1,1.0
G5_2fd95bd5bf9d4126,G5_2fd95bd5bf9d4126,continued,1,1.0
G5_e4de9668e54306de,G5_e4de9668e54306de,continued,1,1.0
G5_8511a84bad9fc792,G5_8511a84bad9fc792,continued,1,1.0
G5_d6cd9b43028df119,G5_d6cd9b43028df119,continued,1,1.0
G5_fc8910475ccd5ce6,G5_fc8910475ccd5ce6,continued,1,1.0
G5_0adbc573e56ee7c3,G5_0adbc573e56ee7c3,continued,1,1.0
G5_33808cc0866c8f92,G5_33808cc0866c8f92,continued,1,1.0
G5_56bc12a9f7d1c879,G5_56bc12a9f7d1c879,continued,1,1.0
G5_79fba7d78bd87a2b,G5_79fba7d78bd87a2b,continued,1,1.0
G5_612030a5d2c5babc,G5_612030a5d2c5babc,continued,1,1.0
G5_fe0436e583638362,G5_fe0436e583638362,continued,1,1.0
G5_17ebef3b2ad46ce3,G5_17ebef3b2ad46ce3,continued,1,1.0
G5_41fa3c719399b1cb,G5_41fa3c719399b1cb,continued,1,1.0
G5_cbade17573ad0f5f,G5_cbade17573ad0f5f,continued,1,1.0
G5_89d3161202d05018,G5_89d3161202d05018,continued,1,1.0
G5_c5e78933b10eadc9,G5_c5e78933b10eadc9,continued,1,1.0
G5_692b7396eddccacd,G5_692b7396eddccacd,continued,1,1.0
G5_74a14f2ba8ac8a98,G5_74a14f2ba8ac8a98,continued,1,1.0
G5_5496c2dd930d80d1,G5_5496c2dd930d80d1,continued,1,1.0
G5_56bc12a9f7d1c87910,G5_56bc12a9f7d1c87910,continued,1,1.0
G5_bd5a4e7494e04b85,G5_bd5a4e7494e04b85,continued,1,1.0
G5_9fe9a0edc8c5e7de87,G5_9fe9a0edc8c5e7de87,continued,1,1.0
G5_40ab7d53891ddeea,G5_40ab7d53891ddeea,continued,1,1.0
G5_3b9e0dfd6733ecd6,G5_3b9e0dfd6733ecd6,continued,1,1.0
G5_a0664ad53e27a675,G5_a0664ad53e27a675,continued,1,1.0
G5_9ddf50661202c1e3,G5_9ddf50661202c1e3,continued,1,1.0
G5_8cb20d1c3eb5429e,G5_8cb20d1c3eb5429e,continued,1,1.0
G5_55e1a8dac524bd7e,G5_55e1a8dac524bd7e,continued,1,1.0
G5_db5f14f2847a2e5e,G5_db5f14f2847a2e5e,continued,1,1.0
G5_3ecb8160377d40aa,G5_3ecb8160377d40aa,continued,1,1.0
G5_e2dc88dd6fd2add7,G5_e2dc88dd6fd2add7,continued,1,1.0
G5_306fb95a6bb04b0f,G5_306fb95a6bb04b0f,continued,1,1.0
G5_4fb8cdf12b402c73,G5_4fb8cdf12b402c73,continued,1,1.0
G5_1f64e52736a59ae5,G5_1f64e52736a59ae5,continued,1,1.0
G5_7dea2ea3723dfeb1,G5_7dea2ea3723dfeb1,continued,1,1.0
G5_1192dbc0316390c3,G5_1192dbc0316390c3,continued,1,1.0
G5_df7804556f3be984,G5_df7804556f3be984,continued,1,1.0
G5_1ea2fcaf322c0da7,G5_1ea2fcaf322c0da7,continued,1,1.0
G5_d54995edcbe6fa2e,G5_d54995edcbe6fa2e,continued,1,1.0
G5_de9122c940315666,G5_de9122c940315666,continued,1,1.0
G5_29f5839308893ebb,G5_29f5839308893ebb,continued,1,1.0
G5_af11a5ff78210bf9,G5_af11a5ff78210bf9,continued,1,1.0
G5_ad794a2bf9230d6b,G5_ad794a2bf9230d6b,continued,1,1.0
G5_cef7a66ad5314bc7,G5_cef7a66ad5314bc7,continued,1,1.0
G5_95cf493f2c55b93c,G5_95cf493f2c55b93c,continued,1,1.0
G5_397213b2ead734ec,G5_397213b2ead734ec,continued,1,1.0
G5_75327cab0c4168fb,G5_75327cab0c4168fb,continued,1,1.0
G5_3ae12a28fb41407c,G5_3ae12a28fb41407c,continued,1,1.0
G5_7547e0504d57e160,G5_7547e0504d57e160,continued,1,1.0
G5_3f307bd2918305d7,G5_3f307bd2918305d7,continued,1,1.0
G5_a2bcfc29398e6744,G5_a2bcfc29398e6744,continued,1,1.0
G5_b84ccd060419cb86,G5_b84ccd060419cb86,continued,1,1.0
G5_f48a92eed69b7b9d,G5_f48a92eed69b7b9d,continued,1,1.0
G5_6d0ccfa8a45d4021,G5_6d0ccfa8a45d4021,continued,1,1.0
G5_6e4c1bd7aa95a51f,G5_6e4c1bd7aa95a51f,continued,1,1.0
G5_d6a52d53a65d08c7,G5_d6a52d53a65d08c7,continued,1,1.0
G5_ca4c951d26b9f3dc,G5_ca4c951d26b9f3dc,continued,1,1.0
G5_8425e2388e4c7391,G5_8425e2388e4c7391,continued,1,1.0
G5_93fe46aa60d789c6,G5_93fe46aa60d789c6,continued,1,1.0
G5_e23504ce6aa426f7,G5_e23504ce6aa426f7,continued,1,1.0
G5_d2a9d26eb188cd08,G5_d2a9d26eb188cd08,continued,1,1.0
G5_40815354d75ad8ea,G5_40815354d75ad8ea,continued,1,1.0
G5_f64bca64dc33f03c,G5_f64bca64dc33f03c,continued,1,1.0
G5_95da7e4d170773cd,G5_95da7e4d170773cd,continued,1,1.0
G5_3e858409008e99bc,G5_3e858409008e99bc,continued,1,1.0
G5_e916a05e25d943b1,G5_e916a05e25d943b1,continued,1,1.0
G5_0db6528558b84add,G5_0db6528558b84add,continued,1,1.0
G5_d1bfe0212dd0de20,G5_d1bfe0212dd0de20,continued,1,1.0
G5_7c6f2e067b63c14e,G5_7c6f2e067b63c14e,continued,1,1.0
G5_24a6247078c3e845,G5_24a6247078c3e845,continued,1,1.0
G5_53d91c4ac02943f0,G5_53d91c4ac02943f0,continued,1,1.0
G5_b3c0f1115966af58,G5_b3c0f1115966af58,continued,1,1.0
G5_678070bfbddf6df8,G5_678070bfbddf6df8,continued,1,1.0
G5_927b057352492d87,G5_927b057352492d87,continued,1,1.0
G5_c7950c05c0027a8d,G5_c7950c05c0027a8d,continued,1,1.0
G5_b892bb791d2a9d79,G5_b892bb791d2a9d79,continued,1,1.0
G5_ccd9926e3c6aa178,G5_ccd9926e3c6aa178,continued,1,1.0
G5_060d1368debe6c7a,G5_060d1368debe6c7a,continued,1,1.0
G5_08a8953cc2000452,G5_08a8953cc2000452,continued,1,1.0
G5_49a0489fca19f775,G5_49a0489fca19f775,continued,1,1.0
G5_ea772536ebaa9d28,G5_ea772536ebaa9d28,continued,1,1.0
G5_1fbf63fbc68246c7,G5_1fbf63fbc68246c7,continued,1,1.0
G5_84c37b1ca7b3a3f0,G5_84c37b1ca7b3a3f0,continued,1,1.0
G5_46035a7ab7b6f9c4,G5_46035a7ab7b6f9c4,continued,1,1.0
G5_120abadfd2b53e11,G5_120abadfd2b53e11,continued,1,1.0
G5_50ab213fcb4fa6d2,G5_50ab213fcb4fa6d2,continued,1,1.0
G5_73325ffbe36323c5,G5_73325ffbe36323c5,continued,1,1.0
G5_a6ff126e3640e72c,G5_a6ff126e3640e72c,continued,1,1.0
G5_fcd7ee46968e947f,G5_fcd7ee46968e947f,continued,1,1.0
G5_114c6c0b2e109eeb,G5_114c6c0b2e109eeb,continued,1,1.0
G5_1b0696fe823e64ca,G5_1b0696fe823e64ca,continued,1,1.0
G5_e08ee0def011479a,G5_e08ee0def011479a,continued,1,1.0
G5_9588cdc57e46753c,G5_9588cdc57e46753c,continued,1,1.0
G5_ed1ffb3e61e97579,G5_ed1ffb3e61e97579,continued,1,1.0
G5_24f1dd48c4933e2b,G5_24f1dd48c4933e2b,continued,1,1.0
G5_4b03a080ec278990,G5_4b03a080ec278990,continued,1,1.0
G5_90348bf773b3200d,G5_90348bf773b3200d,continued,1,1.0
G5_f2ee7570f2b9cc85,G5_f2ee7570f2b9cc85,continued,1,1.0
G5_d8ab3f6c636ac880,G5_d8ab3f6c636ac880,continued,1,1.0
G5_3ccb82282479e84e,G5_3ccb82282479e84e,continued,1,1.0
G5_8a3d8aa344ec21ca,G5_8a3d8aa344ec21ca,continued,1,1.0
G5_693d3e0e5851aa8e,G5_693d3e0e5851aa8e,continued,1,1.0
G5_7ebb7dbc8f95641b,G5_7ebb7dbc8f95641b,continued,1,1.0
G5_dcbe7044c9510c7f,G5_dcbe7044c9510c7f,continued,1,1.0
G5_c9bdd376734ee358,G5_c9bdd376734ee358,continued,1,1.0
G5_2ce03238867d1df1,G5_2ce03238867d1df1,continued,1,1.0
G5_0123f0988157b667,G5_0123f0988157b667,continued,1,1.0
G5_55fd1ca5bd5791c4,G5_55fd1ca5bd5791c4,continued,1,1.0
G5_abe7c60e8c08989e,G5_abe7c60e8c08989e,continued,1,1.0
G5_afcd46eb29efb0fc,G5_afcd46eb29efb0fc,continued,1,1.0
G5_97514c46b92cf3eb,G5_97514c46b92cf3eb,continued,1,1.0
G5_775de817411c8726,G5_775de817411c8726,continued,1,1.0
G5_54c156a81b9fb350,G5_54c156a81b9fb350,continued,1,1.0
G5_70d968aee0687055,G5_70d968aee0687055,continued,1,1.0
G5_456c9f7b3ae11983,G5_456c9f7b3ae11983,continued,1,1.0
G5_54c156a81b9fb35058,G5_54c156a81b9fb35058,continued,1,1.0
G5_457a7b8a22475e46,G5_457a7b8a22475e46,continued,1,1.0
G5_898cad4d0fead528,G5_898cad4d0fead528,continued,1,1.0
G5_832fe87fb336b0cb,G5_832fe87fb336b0cb,continued,1,1.0
G5_7fc235dd9f66be0e,G5_7fc235dd9f66be0e,continued,1,1.0
G5_cf0e6bc149dd57d4,G5_cf0e6bc149dd57d4,continued,1,1.0
G5_e6dc0e6ee4e730c5,G5_e6dc0e6ee4e730c5,continued,1,1.0
G5_e5afc14d395a61f9,G5_e5afc14d395a61f9,continued,1,1.0
G5_3580d4108f64d1a6,G5_3580d4108f64d1a6,continued,1,1.0
G5_919392cd069a0088,G5_919392cd069a0088,continued,1,1.0
G5_5ce37806ca90d3d5,G5_5ce37806ca90d3d5,continued,1,1.0
G5_7263219a0aa174d8,G5_7263219a0aa174d8,continued,1,1.0
G5_9913464aec7cad37,G5_9913464aec7cad37,continued,1,1.0
G5_1549391f0f39860e,G5_1549391f0f39860e,continued,1,1.0
G5_84adf7e59f45badf,G5_84adf7e59f45badf,continued,1,1.0
G5_ec6dc18ae7b33700,G5_ec6dc18ae7b33700,continued,1,1.0
G5_1549391f0f39860e2d,G5_1549391f0f39860e2d,continued,1,1.0
G5_9635f8c70bc83196,G5_9635f8c70bc83196,continued,1,1.0
G5_d1e82419810cc74f,G5_d1e82419810cc74f,continued,1,1.0
G5_881dda136afef6cb,G5_881dda136afef6cb,continued,1,1.0
G5_5c5d47f1ed8c9382,G5_5c5d47f1ed8c9382,continued,1,1.0
G5_4a09da80b4bc4888,G5_4a09da80b4bc4888,continued,1,1.0
G5_551f3186962fb127,G5_551f3186962fb127,continued,1,1.0
G5_70a6934a4786c043,G5_70a6934a4786c043,continued,1,1.0
G5_9e810ca6f09355cb,G5_9e810ca6f09355cb,continued,1,1.0
G5_2f9b96d1ce94ec8a,G5_2f9b96d1ce94ec8a,continued,1,1.0
G5_10c294074eeb056e,G5_10c294074eeb056e,continued,1,1.0
G5_be70ae00abf966d8,G5_be70ae00abf966d8,continued,1,1.0
G5_f5579bf40ce70540,G5_f5579bf40ce70540,continued,1,1.0
G5_1af6703d8f50d557,G5_1af6703d8f50d557,continued,1,1.0
G5_bfd5b8c15bfdcdc3,G5_bfd5b8c15bfdcdc3,continued,1,1.0
G5_9898bcfb96182a54,G5_9898bcfb96182a54,continued,1,1.0
G5_fb17340d9b2dd8f6,G5_fb17340d9b2dd8f6,continued,1,1.0
G5_07ed1316dfa1d865,G5_07ed1316dfa1d865,continued,1,1.0
G5_97694457d0150d9a,G5_97694457d0150d9a,continued,1,1.0
G5_cdf552ca731e6031,G5_cdf552ca731e6031,continued,1,1.0
G5_c56245794bf536a1,G5_c56245794bf536a1,continued,1,1.0
G5_3d9dd4d7160dc79d,G5_3d9dd4d7160dc79d,continued,1,1.0
G5_e7d6e4612d1ddd94,G5_e7d6e4612d1ddd94,continued,1,1.0
G5_7772fddace3f4110,G5_7772fddace3f4110,continued,1,1.0
G5_17b0a8483e368c45,G5_17b0a8483e368c45,continued,1,1.0
G5_916043b0d6a640a7,G5_916043b0d6a640a7,continued,1,1.0
G5_22515073a62545b2,G5_22515073a62545b2,continued,1,1.0
G5_7a617cac1b59ee43,G5_7a617cac1b59ee43,continued,1,1.0
G5_38204a4e7eac4d1c,G5_38204a4e7eac4d1c,continued,1,1.0
G5_35b69d87d1ff3831,G5_35b69d87d1ff3831,continued,1,1.0
G5_ed486eb941b4fac2,G5_ed486eb941b4fac2,continued,1,1.0
G5_acd016c55d22cf9c,G5_acd016c55d22cf9c,continued,1,1.0
G5_f53a203f67796ed8,G5_f53a203f67796ed8,continued,1,1.0
G5_2795d1dc68c12767,G5_2795d1dc68c12767,continued,1,1.0
G5_35edd63c3b18ebf6,G5_35edd63c3b18ebf6,continued,1,1.0
G5_95c8c97ee14f3d9e,G5_95c8c97ee14f3d9e,continued,1,1.0
G5_12d94ecf61c6eb23,G5_12d94ecf61c6eb23,continued,1,1.0
G5_c2e13195f0e806c5,G5_c2e13195f0e806c5,continued,1,1.0
G5_9d6f33a1b35b50be,G5_9d6f33a1b35b50be,continued,1,1.0
G5_302a2ea1b18ffd98,G5_302a2ea1b18ffd98,continued,1,1.0
G5_00abececd8d22038,G5_00abececd8d22038,continued,1,1.0
G5_8e2fc2823509fd1a,G5_8e2fc2823509fd1a,continued,1,1.0
G5_22b3f913f436ce89c0,G5_22b3f913f436ce89c0,continued,1,1.0
G5_d99b473625ab13bc,G5_d99b473625ab13bc,continued,1,1.0
G5_8d462c04c169b2d3,G5_8d462c04c169b2d3,continued,1,1.0
G5_ef70796e9a6806d5,G5_ef70796e9a6806d5,continued,1,1.0
G5_68f39d31bdbbfe83,G5_68f39d31bdbbfe83,continued,1,1.0
G5_78775332d861bd6a,G5_78775332d861bd6a,continued,1,1.0
G5_a62090b05cc6c44e,G5_a62090b05cc6c44e,continued,1,1.0
G5_7a72991f1ffe2a8a,G5_7a72991f1ffe2a8a,continued,1,1.0
G5_875c92acb93bb793,G5_875c92acb93bb793,continued,1,1.0
G5_f15f32961551a292,G5_f15f32961551a292,continued,1,1.0
G5_41d5ea5add7ef128,G5_41d5ea5add7ef128,continued,1,1.0
G5_3b993b912fd65737,G5_3b993b912fd65737,continued,1,1.0
G5_24e0877a8b4fdbfe,G5_24e0877a8b4fdbfe,continued,1,1.0
G5_265bb20c765bc6f0,G5_265bb20c765bc6f0,continued,1,1.0
G5_f3969f8e662d4831,G5_f3969f8e662d4831,continued,1,1.0
G5_bde2def0347f4ff1,G5_bde2def0347f4ff1,continued,1,1.0
G5_07c35d77cbc20e6b,G5_07c35d77cbc20e6b,continued,1,1.0
G5_9deed3973c209268,G5_9deed3973c209268,continued,1,1.0
G5_2e03e45fb9b5cc3a,G5_2e03e45fb9b5cc3a,continued,1,1.0
G5_7f0c61d2daabcfb9,G5_7f0c61d2daabcfb9,continued,1,1.0
G5_d03b196c4748b938,G5_d03b196c4748b938,continued,1,1.0
G5_a8fbcafc16df1867,G5_a8fbcafc16df1867,continued,1,1.0
G5_fcb364dfd17af8e0,G5_fcb364dfd17af8e0,continued,1,1.0
G5_318ae09dd69af418,G5_318ae09dd69af418,continued,1,1.0
G5_beb9b034c8a9d4fe,G5_beb9b034c8a9d4fe,continued,1,1.0
G5_d1529bad99acd92b,G5_d1529bad99acd92b,continued,1,1.0
G5_46b115a6aad9fd0f,G5_46b115a6aad9fd0f,continued,1,1.0
G5_2903ea739201d307,G5_2903ea739201d307,continued,1,1.0
G5_721cb644d6a44520,G5_721cb644d6a44520,continued,1,1.0
G5_77a1340f19d70af1,G5_77a1340f19d70af1,continued,1,1.0
G5_dcbd7bea0b5495c1,G5_dcbd7bea0b5495c1,continued,1,1.0
G5_d1529bad99acd92b62,G5_d1529bad99acd92b62,continued,1,1.0
G5_3f97b77be414944f,G5_3f97b77be414944f,continued,1,1.0
G5_429a787d3f674007,G5_429a787d3f674007,continued,1,1.0
G5_67a85fb8550ab8cf,G5_67a85fb8550ab8cf,continued,1,1.0
G5_99e05bb950fb1593,G5_99e05bb950fb1593,continued,1,1.0
G5_53cc5f0969874dc7,G5_53cc5f0969874dc7,continued,1,1.0
G5_aa27dd858d7da403,G5_aa27dd858d7da403,continued,1,1.0
G5_84ee16c400b6bf67,G5_84ee16c400b6bf67,continued,1,1.0
G5_02304d30b9ba66bf,G5_02304d30b9ba66bf,continued,1,1.0
G5_d8fe96eeb9a1b4a7,G5_d8fe96eeb9a1b4a7,continued,1,1.0
G5_b8394aa7ad101018,G5_b8394aa7ad101018,continued,1,1.0
G5_6d2485174b7aba77,G5_6d2485174b7aba77,continued,1,1.0
G5_a0e0591839c7bbcd,G5_a0e0591839c7bbcd,continued,1,1.0
G5_29732fdbb42a5b65,G5_29732fdbb42a5b65,continued,1,1.0
G5_24592b3824728002,G5_24592b3824728002,continued,1,1.0
G5_3c3a4d067a6e6b96,G5_3c3a4d067a6e6b96,continued,1,1.0
G5_65cb45073f934616,G5_65cb45073f934616,continued,1,1.0
G5_e3a4af1c862a3805,G5_e3a4af1c862a3805,continued,1,1.0
G5_4131fc7364303c03,G5_4131fc7364303c03,continued,1,1.0
G5_61bd2f80ca1a14a4,G5_61bd2f80ca1a14a4,continued,1,1.0
G5_a2d46b0594e08ee8,G5_a2d46b0594e08ee8,continued,1,1.0
G5_2f273bc7b539ef29,G5_2f273bc7b539ef29,continued,1,1.0
G5_e50e0087557c6194,G5_e50e0087557c6194,continued,1,1.0
G5_29f68bf6b7365d20,G5_29f68bf6b7365d20,continued,1,1.0
G5_b7e4952b9fa53daf,G5_b7e4952b9fa53daf,continued,1,1.0
G5_b6437b8b2efef1d0,G5_b6437b8b2efef1d0,continued,1,1.0
G5_75276dd107a20464,G5_75276dd107a20464,continued,1,1.0
G5_ff49fb51b8dabf00,G5_ff49fb51b8dabf00,continued,1,1.0
G5_c9dcc5715811c018,G5_c9dcc5715811c018,continued,1,1.0
G5_c5e6c43db58ae172,G5_c5e6c43db58ae172,continued,1,1.0
G5_5add1f7b7aff0e82,G5_5add1f7b7aff0e82,continued,1,1.0
G5_88dfc59c57a1c14f,G5_88dfc59c57a1c14f,continued,1,1.0
G5_0483b4f0b8ca4c96,G5_0483b4f0b8ca4c96,continued,1,1.0
G5_52342d6d2bc81689,G5_52342d6d2bc81689,continued,1,1.0
G5_72c5b8556137b389,G5_72c5b8556137b389,continued,1,1.0
G5_677215997f0ab839,G5_677215997f0ab839,continued,1,1.0
G5_677215997f0ab8391f,G5_677215997f0ab8391f,continued,1,1.0
G5_ade3133759ead579,G5_ade3133759ead579,continued,1,1.0
G5_6c47f595fa0aed54,G5_6c47f595fa0aed54,continued,1,1.0
G5_50be14cf098a961b,G5_50be14cf098a961b,continued,1,1.0
G5_b526b1138cd344da,G5_b526b1138cd344da,continued,1,1.0
G5_f29ee618bfb38a4d,G5_f29ee618bfb38a4d,continued,1,1.0
G5_194745afc95fcd3c,G5_194745afc95fcd3c,continued,1,1.0
G5_ac98164264d856fe,G5_ac98164264d856fe,continued,1,1.0
G5_f66edf114a388a79,G5_f66edf114a388a79,continued,1,1.0
G5_e27202f92972593b,G5_e27202f92972593b,continued,1,1.0
G5_585a8fdf54e2d009,G5_585a8fdf54e2d009,continued,1,1.0
G5_7029ae3400c2d3ec,G5_7029ae3400c2d3ec,continued,1,1.0
G5_998359a8a38ebb98,G5_998359a8a38ebb98,continued,1,1.0
G5_4f45b5d802b34d32,G5_4f45b5d802b34d32,continued,1,1.0
G5_f3d321e5794dd615,G5_f3d321e5794dd615,continued,1,1.0
G5_896bee801b1d0790,G5_896bee801b1d0790,continued,1,1.0
G5_98d2c5060428b935,G5_98d2c5060428b935,continued,1,1.0
G5_72de2432c42f2f2a,G5_72de2432c42f2f2a,continued,1,1.0
G5_7f57227570d1f752,G5_7f57227570d1f752,continued,1,1.0
G5_fb38336c7ca474e3,G5_fb38336c7ca474e3,continued,1,1.0
G5_2c8dfdac4a8f7a59,G5_2c8dfdac4a8f7a59,continued,1,1.0
G5_292eef74bb553638,G5_292eef74bb553638,continued,1,1.0
G5_f45b9aa5c1f75e37,G5_f45b9aa5c1f75e37,continued,1,1.0
G5_c2cc62589d032ed2,G5_c2cc62589d032ed2,continued,1,1.0
G5_e15af2e4aaa23e6b,G5_e15af2e4aaa23e6b,continued,1,1.0
G5_2e4225aa6828a6ed,G5_2e4225aa6828a6ed,continued,1,1.0
G5_22fc2c2d7420e56a,G5_22fc2c2d7420e56a,continued,1,1.0
G5_1aaf32b2a093e26d,G5_1aaf32b2a093e26d,continued,1,1.0
G5_0c1fa9d45c6ab2c6,G5_0c1fa9d45c6ab2c6,continued,1,1.0
G5_6d07b5a836a3942d,G5_6d07b5a836a3942d,continued,1,1.0
G5_eb62d9b2248868c1,G5_eb62d9b2248868c1,continued,1,1.0
G5_1e4be4dc0605442e,G5_1e4be4dc0605442e,continued,1,1.0
G5_c060506f652391f0,G5_c060506f652391f0,continued,1,1.0
G5_07b7b8e76d04e742,G5_07b7b8e76d04e742,continued,1,1.0
G5_717e24bb94fcc247,G5_717e24bb94fcc247,continued,1,1.0
G5_dc8829cc10343efb,G5_dc8829cc10343efb,continued,1,1.0
G5_a5a22ff497655758,G5_a5a22ff497655758,continued,1,1.0
G5_0abed2c011536845,G5_0abed2c011536845,continued,1,1.0
G5_d4db7450550af3f4,G5_d4db7450550af3f4,continued,1,1.0
G5_85fc96063eeaa125,G5_85fc96063eeaa125,continued,1,1.0
G5_6fa29a92e6a61e96,G5_6fa29a92e6a61e96,continued,1,1.0
G5_fc0dfe5812709854,G5_fc0dfe5812709854,continued,1,1.0
G5_3046b94a8eab8302,G5_3046b94a8eab8302,continued,1,1.0
G5_821d46e1ecd1fc2e,G5_821d46e1ecd1fc2e,continued,1,1.0
G5_93f8d78ef843cd0d,G5_93f8d78ef843cd0d,continued,1,1.0
G5_e7b53bac22c76381,G5_e7b53bac22c76381,continued,1,1.0
G5_07bf4d009ab0f3bc,G5_07bf4d009ab0f3bc,continued,1,1.0
G5_b6da3729cbdbf284,G5_b6da3729cbdbf284,continued,1,1.0
G5_1a70696ee4622f38,G5_1a70696ee4622f38,continued,1,1.0
G5_a9892a8cd6c606a6,G5_a9892a8cd6c606a6,continued,1,1.0
G5_2026f6a9a1dc0360,G5_2026f6a9a1dc0360,continued,1,1.0
G5_d14bffb717f88f2a,G5_d14bffb717f88f2a,continued,1,1.0
G5_37387b388153a7b3,G5_37387b388153a7b3,continued,1,1.0
G5_571aec4913bec2a8,G5_571aec4913bec2a8,continued,1,1.0
G5_1239dbddf9e660d7,G5_1239dbddf9e660d7,continued,1,1.0
G5_b1e680bc92c42177,G5_b1e680bc92c42177,continued,1,1.0
