sku_a,sku_b,label,evidence
B0216001_S_6901404601258,H9299001_S_6901404712534,0,disjoint_ean_same_brand_unit_pack
B0216001_S_6901404601258,H9299001_S_6901404812548,0,disjoint_ean_same_brand_unit_pack
B0264001_S_8997206264256,B0264001_S_8997206264683,0,disjoint_ean_same_brand_unit_pack
B0264001_S_8997206264256,B0264001_S_8997206264706,0,disjoint_ean_same_brand_unit_pack
B0264001_S_8997206264294,B0264001_S_8997206264300,0,disjoint_ean_same_brand_unit_pack
B0264001_S_8997206264683,B0264001_S_8997206264706,0,disjoint_ean_same_brand_unit_pack
B0264001_S_8997206265147,B0264001_S_8997206265307,0,disjoint_ean_same_brand_unit_pack
B0264001_S_8997206265147,B0264001_S_8997206265321,0,disjoint_ean_same_brand_unit_pack
B0264001_S_8997206265307,B0264001_S_8997206265321,0,disjoint_ean_same_brand_unit_pack
B0264001_S_8997206265345,B0264001_S_8997206265437,0,disjoint_ean_same_brand_unit_pack
B0264001_S_8997206265345,B0264001_S_8997206265444,0,disjoint_ean_same_brand_unit_pack
B0264001_S_8997206265345,B0264001_S_8997206265451,0,disjoint_ean_same_brand_unit_pack
B0264001_S_8997206265345,B0264001_S_8997206265475,0,disjoint_ean_same_brand_unit_pack
B0264001_S_8997206265345,B0264001_S_8997206265482,0,disjoint_ean_same_brand_unit_pack
B0264001_S_8997206265345,B0264001_S_8997206265499,0,disjoint_ean_same_brand_unit_pack
B0264001_S_8997206265345,B0264001_S_8997206265505,0,disjoint_ean_same_brand_unit_pack
B0264001_S_8997206265345,B0264001_S_8997206265512,0,disjoint_ean_same_brand_unit_pack
B0264001_S_8997206265345,B0264001_S_8997206265529,0,disjoint_ean_same_brand_unit_pack
B0264001_S_8997206265345,B0264001_S_8997206265536,0,disjoint_ean_same_brand_unit_pack
B0264001_S_8997206265345,B0264001_S_8997206266427,0,disjoint_ean_same_brand_unit_pack
B0264001_S_8997206265437,B0264001_S_8997206265444,0,disjoint_ean_same_brand_unit_pack
B0264001_S_8997206265437,B0264001_S_8997206265451,0,disjoint_ean_same_brand_unit_pack
B0264001_S_8997206265437,B0264001_S_8997206265475,0,disjoint_ean_same_brand_unit_pack
B0264001_S_8997206265437,B0264001_S_8997206265482,0,disjoint_ean_same_brand_unit_pack
B0264001_S_8997206265437,B0264001_S_8997206265499,0,disjoint_ean_same_brand_unit_pack
B0264001_S_8997206265437,B0264001_S_8997206265505,0,disjoint_ean_same_brand_unit_pack
B0264001_S_8997206265437,B0264001_S_8997206265512,0,disjoint_ean_same_brand_unit_pack
B0264001_S_8997206265437,B0264001_S_8997206265529,0,disjoint_ean_same_brand_unit_pack
B0264001_S_8997206265437,B0264001_S_8997206265536,0,disjoint_ean_same_brand_unit_pack
B0264001_S_8997206265437,B0264001_S_8997206266427,0,disjoint_ean_same_brand_unit_pack
B0264001_S_8997206265444,B0264001_S_8997206265451,0,disjoint_ean_same_brand_unit_pack
B0264001_S_8997206265444,B0264001_S_8997206265475,0,disjoint_ean_same_brand_unit_pack
B0264001_S_8997206265444,B0264001_S_8997206265482,0,disjoint_ean_same_brand_unit_pack
B0264001_S_8997206265444,B0264001_S_8997206265499,0,disjoint_ean_same_brand_unit_pack
B0264001_S_8997206265444,B0264001_S_8997206265505,0,disjoint_ean_same_brand_unit_pack
B0264001_S_8997206265444,B0264001_S_8997206265512,0,disjoint_ean_same_brand_unit_pack
B0264001_S_8997206265444,B0264001_S_8997206265529,0,disjoint_ean_same_brand_unit_pack
B0264001_S_8997206265444,B0264001_S_8997206265536,0,disjoint_ean_same_brand_unit_pack
B0264001_S_8997206265444,B0264001_S_8997206266427,0,disjoint_ean_same_brand_unit_pack
B0264001_S_8997206265451,B0264001_S_8997206265475,0,disjoint_ean_same_brand_unit_pack
B0264001_S_8997206265451,B0264001_S_8997206265482,0,disjoint_ean_same_brand_unit_pack
B0264001_S_8997206265451,B0264001_S_8997206265499,0,disjoint_ean_same_brand_unit_pack
B0264001_S_8997206265451,B0264001_S_8997206265505,0,disjoint_ean_same_brand_unit_pack
B0264001_S_8997206265451,B0264001_S_8997206265512,0,disjoint_ean_same_brand_unit_pack
B0264001_S_8997206265451,B0264001_S_8997206265529,0,disjoint_ean_same_brand_unit_pack
B0264001_S_8997206265451,B0264001_S_8997206265536,0,disjoint_ean_same_brand_unit_pack
B0264001_S_8997206265451,B0264001_S_8997206266427,0,disjoint_ean_same_brand_unit_pack
B0264001_S_8997206265475,B0264001_S_8997206265482,0,disjoint_ean_same_brand_unit_pack
B0264001_S_8997206265475,B0264001_S_8997206265499,0,disjoint_ean_same_brand_unit_pack
B0264001_S_8997206265475,B0264001_S_8997206265505,0,disjoint_ean_same_brand_unit_pack
B0264001_S_8997206265475,B0264001_S_8997206265512,0,disjoint_ean_same_brand_unit_pack
B0264001_S_8997206265475,B0264001_S_8997206265529,0,disjoint_ean_same_brand_unit_pack
B0264001_S_8997206265475,B0264001_S_8997206265536,0,disjoint_ean_same_brand_unit_pack
B0264001_S_8997206265475,B0264001_S_8997206266427,0,disjoint_ean_same_brand_unit_pack
B0264001_S_8997206265482,B0264001_S_8997206265499,0,disjoint_ean_same_brand_unit_pack
B0264001_S_8997206265482,B0264001_S_8997206265505,0,disjoint_ean_same_brand_unit_pack
B0264001_S_8997206265482,B0264001_S_8997206265512,0,disjoint_ean_same_brand_unit_pack
B0264001_S_8997206265482,B0264001_S_8997206265529,0,disjoint_ean_same_brand_unit_pack
B0264001_S_8997206265482,B0264001_S_8997206265536,0,disjoint_ean_same_brand_unit_pack
B0264001_S_8997206265482,B0264001_S_8997206266427,0,disjoint_ean_same_brand_unit_pack
B0264001_S_8997206265499,B0264001_S_8997206265505,0,disjoint_ean_same_brand_unit_pack
B0264001_S_8997206265499,B0264001_S_8997206265512,0,disjoint_ean_same_brand_unit_pack
B0264001_S_8997206265499,B0264001_S_8997206265529,0,disjoint_ean_same_brand_unit_pack
B0264001_S_8997206265499,B0264001_S_8997206265536,0,disjoint_ean_same_brand_unit_pack
B0264001_S_8997206265499,B0264001_S_8997206266427,0,disjoint_ean_same_brand_unit_pack
B0264001_S_8997206265505,B0264001_S_8997206265512,0,disjoint_ean_same_brand_unit_pack
B0264001_S_8997206265505,B0264001_S_8997206265529,0,disjoint_ean_same_brand_unit_pack
B0264001_S_8997206265505,B0264001_S_8997206265536,0,disjoint_ean_same_brand_unit_pack
B0264001_S_8997206265505,B0264001_S_8997206266427,0,disjoint_ean_same_brand_unit_pack
B0264001_S_8997206265512,B0264001_S_8997206265529,0,disjoint_ean_same_brand_unit_pack
B0264001_S_8997206265512,B0264001_S_8997206265536,0,disjoint_ean_same_brand_unit_pack
B0264001_S_8997206265512,B0264001_S_8997206266427,0,disjoint_ean_same_brand_unit_pack
B0264001_S_8997206265529,B0264001_S_8997206265536,0,disjoint_ean_same_brand_unit_pack
B0264001_S_8997206265529,B0264001_S_8997206266427,0,disjoint_ean_same_brand_unit_pack
B0264001_S_8997206265536,B0264001_S_8997206266427,0,disjoint_ean_same_brand_unit_pack
B0364001_S_4796034991785,B0364001_S_4796034991792,0,disjoint_ean_same_brand_unit_pack
B0364001_S_4796034991785,B0364001_S_4796034991808,0,disjoint_ean_same_brand_unit_pack
B0364001_S_4796034991792,B0364001_S_4796034991808,0,disjoint_ean_same_brand_unit_pack
B0412001_S_8904018300249,B0412001_S_8904018308399,0,disjoint_ean_same_brand_unit_pack
B0448001_S_JAPAN479439,B0846001_S_4976631481166,0,disjoint_ean_same_brand_unit_pack
B0448001_S_JAPAN479439,B0991001_S_A06854,0,disjoint_ean_same_brand_unit_pack
B0448001_S_JAPAN479439,B1025001_S_4976631478272,0,disjoint_ean_same_brand_unit_pack
B0448001_S_JAPAN479439,B1025002_S_4976631478272,0,disjoint_ean_same_brand_unit_pack
B0448001_S_JAPAN479439,B1025003_S_4976631478272,0,disjoint_ean_same_brand_unit_pack
B0448001_S_JAPAN479439,B1064001_S_4976631478272,0,disjoint_ean_same_brand_unit_pack
B0448001_S_JAPAN479439,B1604001_S_4976631481166,0,disjoint_ean_same_brand_unit_pack
B0448001_S_JAPAN479439,B1604002_S_4976631481166,0,disjoint_ean_same_brand_unit_pack
B0448001_S_JAPAN479439,B1838001_S_4976631481166,0,disjoint_ean_same_brand_unit_pack
B0448001_S_JAPAN479439,H5985004_S_481166_4976631481166,0,disjoint_ean_same_brand_unit_pack
B0448001_S_JAPAN479439,H6167001_S_4976631478272,0,disjoint_ean_same_brand_unit_pack
B0448001_S_JAPAN479439,H7096001_S_4976631478272,0,disjoint_ean_same_brand_unit_pack
B0448001_S_JAPAN479439,H8424001_S_4976631478272,0,disjoint_ean_same_brand_unit_pack
B0448001_S_JAPAN479439,H8424001_S_4976631481166,0,disjoint_ean_same_brand_unit_pack
B0448001_S_JAPAN479439,S6478006_S_478272_4976631478272,0,disjoint_ean_same_brand_unit_pack
B0448001_S_JAPAN479439,S6478006_S_481166_4976631481166,0,disjoint_ean_same_brand_unit_pack
B0713001_S_GoatSoap-001,B0713001_S_GoatSoap-002,0,disjoint_ean_same_brand_unit_pack
B0713001_S_GoatSoap-001,B0713001_S_GoatSoap-003,0,disjoint_ean_same_brand_unit_pack
B0713001_S_GoatSoap-001,B0713001_S_GoatSoap-004,0,disjoint_ean_same_brand_unit_pack
B0713001_S_GoatSoap-001,B0713001_S_GoatSoap-005,0,disjoint_ean_same_brand_unit_pack
B0713001_S_GoatSoap-001,B1023001_S_9349254002042,0,disjoint_ean_same_brand_unit_pack
B0713001_S_GoatSoap-001,H8427001_S_9349254002011,0,disjoint_ean_same_brand_unit_pack
B0713001_S_GoatSoap-001,H8427001_S_9349254002035,0,disjoint_ean_same_brand_unit_pack
B0713001_S_GoatSoap-001,H8427001_S_9349254002042,0,disjoint_ean_same_brand_unit_pack
B0713001_S_GoatSoap-001,H8427001_S_9349254002059,0,disjoint_ean_same_brand_unit_pack
B0713001_S_GoatSoap-001,H8427001_S_9349254002066,0,disjoint_ean_same_brand_unit_pack
B0713001_S_GoatSoap-001,H8427001_S_9349254004053,0,disjoint_ean_same_brand_unit_pack
B0713001_S_GoatSoap-001,H8427001_S_9349254006286,0,disjoint_ean_same_brand_unit_pack
B0713001_S_GoatSoap-001,S6375001_S_9349254004053,0,disjoint_ean_same_brand_unit_pack
B0713001_S_GoatSoap-001,S6375001_S_9349254006286,0,disjoint_ean_same_brand_unit_pack
B0713001_S_GoatSoap-002,B0713001_S_GoatSoap-003,0,disjoint_ean_same_brand_unit_pack
B0713001_S_GoatSoap-002,B0713001_S_GoatSoap-004,0,disjoint_ean_same_brand_unit_pack
B0713001_S_GoatSoap-002,B0713001_S_GoatSoap-005,0,disjoint_ean_same_brand_unit_pack
B0713001_S_GoatSoap-002,B1023001_S_9349254002042,0,disjoint_ean_same_brand_unit_pack
B0713001_S_GoatSoap-002,H8427001_S_9349254002011,0,disjoint_ean_same_brand_unit_pack
B0713001_S_GoatSoap-002,H8427001_S_9349254002028,0,disjoint_ean_same_brand_unit_pack
B0713001_S_GoatSoap-002,H8427001_S_9349254002035,0,disjoint_ean_same_brand_unit_pack
B0713001_S_GoatSoap-002,H8427001_S_9349254002042,0,disjoint_ean_same_brand_unit_pack
B0713001_S_GoatSoap-002,H8427001_S_9349254002066,0,disjoint_ean_same_brand_unit_pack
B0713001_S_GoatSoap-002,H8427001_S_9349254004053,0,disjoint_ean_same_brand_unit_pack
B0713001_S_GoatSoap-002,H8427001_S_9349254006286,0,disjoint_ean_same_brand_unit_pack
B0713001_S_GoatSoap-002,S6375001_S_9349254004053,0,disjoint_ean_same_brand_unit_pack
B0713001_S_GoatSoap-002,S6375001_S_9349254006286,0,disjoint_ean_same_brand_unit_pack
B0713001_S_GoatSoap-003,B0713001_S_GoatSoap-004,0,disjoint_ean_same_brand_unit_pack
B0713001_S_GoatSoap-003,B0713001_S_GoatSoap-005,0,disjoint_ean_same_brand_unit_pack
B0713001_S_GoatSoap-003,B1023001_S_9349254002042,0,disjoint_ean_same_brand_unit_pack
B0713001_S_GoatSoap-003,H8427001_S_9349254002011,0,disjoint_ean_same_brand_unit_pack
B0713001_S_GoatSoap-003,H8427001_S_9349254002028,0,disjoint_ean_same_brand_unit_pack
B0713001_S_GoatSoap-003,H8427001_S_9349254002035,0,disjoint_ean_same_brand_unit_pack
B0713001_S_GoatSoap-003,H8427001_S_9349254002042,0,disjoint_ean_same_brand_unit_pack
B0713001_S_GoatSoap-003,H8427001_S_9349254002059,0,disjoint_ean_same_brand_unit_pack
B0713001_S_GoatSoap-003,H8427001_S_9349254004053,0,disjoint_ean_same_brand_unit_pack
B0713001_S_GoatSoap-003,H8427001_S_9349254006286,0,disjoint_ean_same_brand_unit_pack
B0713001_S_GoatSoap-003,S6375001_S_9349254004053,0,disjoint_ean_same_brand_unit_pack
B0713001_S_GoatSoap-003,S6375001_S_9349254006286,0,disjoint_ean_same_brand_unit_pack
B0713001_S_GoatSoap-004,B0713001_S_GoatSoap-005,0,disjoint_ean_same_brand_unit_pack
B0713001_S_GoatSoap-004,B1023001_S_9349254002042,0,disjoint_ean_same_brand_unit_pack
B0713001_S_GoatSoap-004,H8427001_S_9349254002011,0,disjoint_ean_same_brand_unit_pack
B0713001_S_GoatSoap-004,H8427001_S_9349254002028,0,disjoint_ean_same_brand_unit_pack
B0713001_S_GoatSoap-004,H8427001_S_9349254002035,0,disjoint_ean_same_brand_unit_pack
B0713001_S_GoatSoap-004,H8427001_S_9349254002042,0,disjoint_ean_same_brand_unit_pack
B0713001_S_GoatSoap-004,H8427001_S_9349254002059,0,disjoint_ean_same_brand_unit_pack
B0713001_S_GoatSoap-004,H8427001_S_9349254002066,0,disjoint_ean_same_brand_unit_pack
B0713001_S_GoatSoap-004,H8427001_S_9349254006286,0,disjoint_ean_same_brand_unit_pack
B0713001_S_GoatSoap-004,S6375001_S_9349254006286,0,disjoint_ean_same_brand_unit_pack
B0713001_S_GoatSoap-005,B1023001_S_9349254002042,0,disjoint_ean_same_brand_unit_pack
B0713001_S_GoatSoap-005,H8427001_S_9349254002028,0,disjoint_ean_same_brand_unit_pack
B0713001_S_GoatSoap-005,H8427001_S_9349254002035,0,disjoint_ean_same_brand_unit_pack
B0713001_S_GoatSoap-005,H8427001_S_9349254002042,0,disjoint_ean_same_brand_unit_pack
B0713001_S_GoatSoap-005,H8427001_S_9349254002059,0,disjoint_ean_same_brand_unit_pack
B0713001_S_GoatSoap-005,H8427001_S_9349254002066,0,disjoint_ean_same_brand_unit_pack
B0713001_S_GoatSoap-005,H8427001_S_9349254004053,0,disjoint_ean_same_brand_unit_pack
B0713001_S_GoatSoap-005,H8427001_S_9349254006286,0,disjoint_ean_same_brand_unit_pack
B0713001_S_GoatSoap-005,S6375001_S_9349254004053,0,disjoint_ean_same_brand_unit_pack
B0713001_S_GoatSoap-005,S6375001_S_9349254006286,0,disjoint_ean_same_brand_unit_pack
B0846001_S_4976631481166,B0991001_S_A06854,0,disjoint_ean_same_brand_unit_pack
B0846001_S_4976631481166,B1025001_S_4976631478272,0,disjoint_ean_same_brand_unit_pack
B0846001_S_4976631481166,B1025002_S_4976631478272,0,disjoint_ean_same_brand_unit_pack
B0846001_S_4976631481166,B1025003_S_4976631478272,0,disjoint_ean_same_brand_unit_pack
B0846001_S_4976631481166,B1064001_S_4976631478272,0,disjoint_ean_same_brand_unit_pack
B0846001_S_4976631481166,H6167001_S_4976631478272,0,disjoint_ean_same_brand_unit_pack
B0846001_S_4976631481166,H7096001_S_4976631478272,0,disjoint_ean_same_brand_unit_pack
B0846001_S_4976631481166,H8424001_S_4976631478272,0,disjoint_ean_same_brand_unit_pack
B0846001_S_4976631481166,S6478006_S_478272_4976631478272,0,disjoint_ean_same_brand_unit_pack
B0969001_S_3549620005080,B0969001_S_3549620005097,0,disjoint_ean_same_brand_unit_pack
B0969001_S_3549620005844,B0969001_S_3549620005851,0,disjoint_ean_same_brand_unit_pack
B0969001_S_3549620006001,B0969001_S_3549620006056,0,disjoint_ean_same_brand_unit_pack
B0991001_S_10737540101,B0991001_S_10737540201,0,disjoint_ean_same_brand_unit_pack
B0991001_S_10737540101,B0991001_S_10737540301,0,disjoint_ean_same_brand_unit_pack
B0991001_S_10737540101,B0991001_S_10737540401,0,disjoint_ean_same_brand_unit_pack
B0991001_S_10737540101,B0991001_S_10737540601,0,disjoint_ean_same_brand_unit_pack
B0991001_S_10737540201,B0991001_S_10737540301,0,disjoint_ean_same_brand_unit_pack
B0991001_S_10737540201,B0991001_S_10737540401,0,disjoint_ean_same_brand_unit_pack
B0991001_S_10737540201,B0991001_S_10737540601,0,disjoint_ean_same_brand_unit_pack
B0991001_S_10737540301,B0991001_S_10737540401,0,disjoint_ean_same_brand_unit_pack
B0991001_S_10737540301,B0991001_S_10737540601,0,disjoint_ean_same_brand_unit_pack
B0991001_S_10737540401,B0991001_S_10737540601,0,disjoint_ean_same_brand_unit_pack
B0991001_S_A06854,B1604001_S_4976631481166,0,disjoint_ean_same_brand_unit_pack
B0991001_S_A06854,B1604002_S_4976631481166,0,disjoint_ean_same_brand_unit_pack
B0991001_S_A06854,B1838001_S_4976631481166,0,disjoint_ean_same_brand_unit_pack
B0991001_S_A06854,H5985004_S_481166_4976631481166,0,disjoint_ean_same_brand_unit_pack
B0991001_S_A06854,H8424001_S_4976631481166,0,disjoint_ean_same_brand_unit_pack
B0991001_S_A06854,S6478006_S_481166_4976631481166,0,disjoint_ean_same_brand_unit_pack
B1023001_S_9349254002042,H8427001_S_9349254002011,0,disjoint_ean_same_brand_unit_pack
B1023001_S_9349254002042,H8427001_S_9349254002028,0,disjoint_ean_same_brand_unit_pack
B1023001_S_9349254002042,H8427001_S_9349254002035,0,disjoint_ean_same_brand_unit_pack
B1023001_S_9349254002042,H8427001_S_9349254002059,0,disjoint_ean_same_brand_unit_pack
B1023001_S_9349254002042,H8427001_S_9349254002066,0,disjoint_ean_same_brand_unit_pack
B1023001_S_9349254002042,H8427001_S_9349254004053,0,disjoint_ean_same_brand_unit_pack
B1023001_S_9349254002042,H8427001_S_9349254006286,0,disjoint_ean_same_brand_unit_pack
B1023001_S_9349254002042,S6375001_S_9349254004053,0,disjoint_ean_same_brand_unit_pack
B1023001_S_9349254002042,S6375001_S_9349254006286,0,disjoint_ean_same_brand_unit_pack
B1025001_S_4976631478272,B1604001_S_4976631481166,0,disjoint_ean_same_brand_unit_pack
B1025001_S_4976631478272,B1604002_S_4976631481166,0,disjoint_ean_same_brand_unit_pack
B1025001_S_4976631478272,B1838001_S_4976631481166,0,disjoint_ean_same_brand_unit_pack
B1025001_S_4976631478272,H5985004_S_481166_4976631481166,0,disjoint_ean_same_brand_unit_pack
B1025001_S_4976631478272,H8424001_S_4976631481166,0,disjoint_ean_same_brand_unit_pack
B1025001_S_4976631478272,S6478006_S_481166_4976631481166,0,disjoint_ean_same_brand_unit_pack
B1025002_S_4976631478272,B1604001_S_4976631481166,0,disjoint_ean_same_brand_unit_pack
B1025002_S_4976631478272,B1604002_S_4976631481166,0,disjoint_ean_same_brand_unit_pack
B1025002_S_4976631478272,B1838001_S_4976631481166,0,disjoint_ean_same_brand_unit_pack
B1025002_S_4976631478272,H5985004_S_481166_4976631481166,0,disjoint_ean_same_brand_unit_pack
B1025002_S_4976631478272,H8424001_S_4976631481166,0,disjoint_ean_same_brand_unit_pack
B1025002_S_4976631478272,S6478006_S_481166_4976631481166,0,disjoint_ean_same_brand_unit_pack
B1025003_S_4976631478272,B1604001_S_4976631481166,0,disjoint_ean_same_brand_unit_pack
B1025003_S_4976631478272,B1604002_S_4976631481166,0,disjoint_ean_same_brand_unit_pack
B1025003_S_4976631478272,B1838001_S_4976631481166,0,disjoint_ean_same_brand_unit_pack
B1025003_S_4976631478272,H5985004_S_481166_4976631481166,0,disjoint_ean_same_brand_unit_pack
B1025003_S_4976631478272,H8424001_S_4976631481166,0,disjoint_ean_same_brand_unit_pack
B1025003_S_4976631478272,S6478006_S_481166_4976631481166,0,disjoint_ean_same_brand_unit_pack
B1064001_S_4976631478272,B1604001_S_4976631481166,0,disjoint_ean_same_brand_unit_pack
B1064001_S_4976631478272,B1604002_S_4976631481166,0,disjoint_ean_same_brand_unit_pack
B1064001_S_4976631478272,B1838001_S_4976631481166,0,disjoint_ean_same_brand_unit_pack
B1064001_S_4976631478272,H5985004_S_481166_4976631481166,0,disjoint_ean_same_brand_unit_pack
B1064001_S_4976631478272,H8424001_S_4976631481166,0,disjoint_ean_same_brand_unit_pack
B1064001_S_4976631478272,S6478006_S_481166_4976631481166,0,disjoint_ean_same_brand_unit_pack
B1506001_S_8852086002780,B1506001_S_8852086002797,0,disjoint_ean_same_brand_unit_pack
B1506001_S_8852086002780,H7273001_S_8852086002797,0,disjoint_ean_same_brand_unit_pack
B1506001_S_8852086002780,H8196001_S_885208692239,0,disjoint_ean_same_brand_unit_pack
B1506001_S_8852086002780,H8765001_S_25392,0,disjoint_ean_same_brand_unit_pack
B1506001_S_8852086002797,H7273001_S_8852086002780,0,disjoint_ean_same_brand_unit_pack
B1506001_S_8852086002797,H8196001_S_8852086922385,0,disjoint_ean_same_brand_unit_pack
B1545001_S_8850299017621_2,B1545001_S_8850299017638_2,0,disjoint_ean_same_brand_unit_pack
B1545001_S_8853502015483,B1545001_S_8853502015636,0,disjoint_ean_same_brand_unit_pack
B1604001_S_4976631481166,H6167001_S_4976631478272,0,disjoint_ean_same_brand_unit_pack
B1604001_S_4976631481166,H7096001_S_4976631478272,0,disjoint_ean_same_brand_unit_pack
B1604001_S_4976631481166,H8424001_S_4976631478272,0,disjoint_ean_same_brand_unit_pack
B1604001_S_4976631481166,S6478006_S_478272_4976631478272,0,disjoint_ean_same_brand_unit_pack
B1604002_S_4976631481166,H6167001_S_4976631478272,0,disjoint_ean_same_brand_unit_pack
B1604002_S_4976631481166,H7096001_S_4976631478272,0,disjoint_ean_same_brand_unit_pack
B1604002_S_4976631481166,H8424001_S_4976631478272,0,disjoint_ean_same_brand_unit_pack
B1604002_S_4976631481166,S6478006_S_478272_4976631478272,0,disjoint_ean_same_brand_unit_pack
B1802001_S_8000700000012,B1802001_S_8711600804418,0,disjoint_ean_same_brand_unit_pack
B1802001_S_8000700000012,B1802001_S_8712561306409,0,disjoint_ean_same_brand_unit_pack
B1802001_S_8711600804418,B1802001_S_8712561306409,0,disjoint_ean_same_brand_unit_pack
B1823001_S_6979526730002,B1823001_S_6979526730019,0,disjoint_ean_same_brand_unit_pack
B1823001_S_6979526730002,B1823001_S_6979526730026,0,disjoint_ean_same_brand_unit_pack
B1823001_S_6979526730002,B1823001_S_6979526730033,0,disjoint_ean_same_brand_unit_pack
B1823001_S_6979526730002,B1823001_S_6979526730071,0,disjoint_ean_same_brand_unit_pack
B1823001_S_6979526730002,B1823001_S_6979526730101,0,disjoint_ean_same_brand_unit_pack
B1823001_S_6979526730002,B1823001_S_6979526730118,0,disjoint_ean_same_brand_unit_pack
B1823001_S_6979526730002,B1823001_S_6979526730125,0,disjoint_ean_same_brand_unit_pack
B1823001_S_6979526730002,B1823001_S_6979526730149,0,disjoint_ean_same_brand_unit_pack
B1823001_S_6979526730002,B1823001_S_6979526730156,0,disjoint_ean_same_brand_unit_pack
B1823001_S_6979526730019,B1823001_S_6979526730026,0,disjoint_ean_same_brand_unit_pack
B1823001_S_6979526730019,B1823001_S_6979526730033,0,disjoint_ean_same_brand_unit_pack
B1823001_S_6979526730019,B1823001_S_6979526730071,0,disjoint_ean_same_brand_unit_pack
B1823001_S_6979526730019,B1823001_S_6979526730101,0,disjoint_ean_same_brand_unit_pack
B1823001_S_6979526730019,B1823001_S_6979526730118,0,disjoint_ean_same_brand_unit_pack
B1823001_S_6979526730019,B1823001_S_6979526730125,0,disjoint_ean_same_brand_unit_pack
B1823001_S_6979526730019,B1823001_S_6979526730149,0,disjoint_ean_same_brand_unit_pack
B1823001_S_6979526730019,B1823001_S_6979526730156,0,disjoint_ean_same_brand_unit_pack
B1823001_S_6979526730026,B1823001_S_6979526730033,0,disjoint_ean_same_brand_unit_pack
B1823001_S_6979526730026,B1823001_S_6979526730071,0,disjoint_ean_same_brand_unit_pack
B1823001_S_6979526730026,B1823001_S_6979526730101,0,disjoint_ean_same_brand_unit_pack
B1823001_S_6979526730026,B1823001_S_6979526730118,0,disjoint_ean_same_brand_unit_pack
B1823001_S_6979526730026,B1823001_S_6979526730125,0,disjoint_ean_same_brand_unit_pack
B1823001_S_6979526730026,B1823001_S_6979526730149,0,disjoint_ean_same_brand_unit_pack
B1823001_S_6979526730026,B1823001_S_6979526730156,0,disjoint_ean_same_brand_unit_pack
B1823001_S_6979526730033,B1823001_S_6979526730071,0,disjoint_ean_same_brand_unit_pack
B1823001_S_6979526730033,B1823001_S_6979526730101,0,disjoint_ean_same_brand_unit_pack
B1823001_S_6979526730033,B1823001_S_6979526730118,0,disjoint_ean_same_brand_unit_pack
B1823001_S_6979526730033,B1823001_S_6979526730125,0,disjoint_ean_same_brand_unit_pack
B1823001_S_6979526730033,B1823001_S_6979526730149,0,disjoint_ean_same_brand_unit_pack
B1823001_S_6979526730033,B1823001_S_6979526730156,0,disjoint_ean_same_brand_unit_pack
B1823001_S_6979526730071,B1823001_S_6979526730101,0,disjoint_ean_same_brand_unit_pack
B1823001_S_6979526730071,B1823001_S_6979526730118,0,disjoint_ean_same_brand_unit_pack
B1823001_S_6979526730071,B1823001_S_6979526730125,0,disjoint_ean_same_brand_unit_pack
B1823001_S_6979526730071,B1823001_S_6979526730149,0,disjoint_ean_same_brand_unit_pack
B1823001_S_6979526730071,B1823001_S_6979526730156,0,disjoint_ean_same_brand_unit_pack
B1823001_S_6979526730101,B1823001_S_6979526730118,0,disjoint_ean_same_brand_unit_pack
B1823001_S_6979526730101,B1823001_S_6979526730125,0,disjoint_ean_same_brand_unit_pack
B1823001_S_6979526730101,B1823001_S_6979526730149,0,disjoint_ean_same_brand_unit_pack
B1823001_S_6979526730101,B1823001_S_6979526730156,0,disjoint_ean_same_brand_unit_pack
B1823001_S_6979526730118,B1823001_S_6979526730125,0,disjoint_ean_same_brand_unit_pack
B1823001_S_6979526730118,B1823001_S_6979526730149,0,disjoint_ean_same_brand_unit_pack
B1823001_S_6979526730118,B1823001_S_6979526730156,0,disjoint_ean_same_brand_unit_pack
B1823001_S_6979526730125,B1823001_S_6979526730149,0,disjoint_ean_same_brand_unit_pack
B1823001_S_6979526730125,B1823001_S_6979526730156,0,disjoint_ean_same_brand_unit_pack
B1823001_S_6979526730149,B1823001_S_6979526730156,0,disjoint_ean_same_brand_unit_pack
B1838001_S_4976631481166,H6167001_S_4976631478272,0,disjoint_ean_same_brand_unit_pack
B1838001_S_4976631481166,H7096001_S_4976631478272,0,disjoint_ean_same_brand_unit_pack
B1838001_S_4976631481166,H8424001_S_4976631478272,0,disjoint_ean_same_brand_unit_pack
B1838001_S_4976631481166,S6478006_S_478272_4976631478272,0,disjoint_ean_same_brand_unit_pack
H5985004_S_481166_4976631481166,H6167001_S_4976631478272,0,disjoint_ean_same_brand_unit_pack
H5985004_S_481166_4976631481166,H7096001_S_4976631478272,0,disjoint_ean_same_brand_unit_pack
H5985004_S_481166_4976631481166,H8424001_S_4976631478272,0,disjoint_ean_same_brand_unit_pack
H5985004_S_481166_4976631481166,S6478006_S_478272_4976631478272,0,disjoint_ean_same_brand_unit_pack
H6167001_S_4976631478272,H8424001_S_4976631481166,0,disjoint_ean_same_brand_unit_pack
H6167001_S_4976631478272,S6478006_S_481166_4976631481166,0,disjoint_ean_same_brand_unit_pack
H6167001_S_9349254002011,H6167001_S_9349254002028,0,disjoint_ean_same_brand_unit_pack
H6167001_S_9349254002011,H6167001_S_9349254002035,0,disjoint_ean_same_brand_unit_pack
H6167001_S_9349254002011,H6167001_S_9349254002042,0,disjoint_ean_same_brand_unit_pack
H6167001_S_9349254002011,H6167001_S_9349254002059,0,disjoint_ean_same_brand_unit_pack
H6167001_S_9349254002011,H6167001_S_9349254004053,0,disjoint_ean_same_brand_unit_pack
H6167001_S_9349254002011,H6167002_S_9349254002028,0,disjoint_ean_same_brand_unit_pack
H6167001_S_9349254002011,H6167002_S_9349254002035,0,disjoint_ean_same_brand_unit_pack
H6167001_S_9349254002011,H6167002_S_9349254002042,0,disjoint_ean_same_brand_unit_pack
H6167001_S_9349254002011,H6167002_S_9349254002059,0,disjoint_ean_same_brand_unit_pack
H6167001_S_9349254002011,H6167002_S_9349254004053,0,disjoint_ean_same_brand_unit_pack
H6167001_S_9349254002011,H7096001_S_9349254002028,0,disjoint_ean_same_brand_unit_pack
H6167001_S_9349254002011,H7096001_S_9349254002035,0,disjoint_ean_same_brand_unit_pack
H6167001_S_9349254002028,H6167001_S_9349254002035,0,disjoint_ean_same_brand_unit_pack
H6167001_S_9349254002028,H6167001_S_9349254002042,0,disjoint_ean_same_brand_unit_pack
H6167001_S_9349254002028,H6167001_S_9349254002059,0,disjoint_ean_same_brand_unit_pack
H6167001_S_9349254002028,H6167001_S_9349254004053,0,disjoint_ean_same_brand_unit_pack
H6167001_S_9349254002028,H6167002_S_9349254002011,0,disjoint_ean_same_brand_unit_pack
H6167001_S_9349254002028,H6167002_S_9349254002035,0,disjoint_ean_same_brand_unit_pack
H6167001_S_9349254002028,H6167002_S_9349254002042,0,disjoint_ean_same_brand_unit_pack
H6167001_S_9349254002028,H6167002_S_9349254002059,0,disjoint_ean_same_brand_unit_pack
H6167001_S_9349254002028,H6167002_S_9349254004053,0,disjoint_ean_same_brand_unit_pack
H6167001_S_9349254002028,H7096001_S_9349254002011,0,disjoint_ean_same_brand_unit_pack
H6167001_S_9349254002028,H7096001_S_9349254002035,0,disjoint_ean_same_brand_unit_pack
H6167001_S_9349254002035,H6167001_S_9349254002042,0,disjoint_ean_same_brand_unit_pack
H6167001_S_9349254002035,H6167001_S_9349254002059,0,disjoint_ean_same_brand_unit_pack
H6167001_S_9349254002035,H6167001_S_9349254004053,0,disjoint_ean_same_brand_unit_pack
H6167001_S_9349254002035,H6167002_S_9349254002011,0,disjoint_ean_same_brand_unit_pack
H6167001_S_9349254002035,H6167002_S_9349254002028,0,disjoint_ean_same_brand_unit_pack
H6167001_S_9349254002035,H6167002_S_9349254002042,0,disjoint_ean_same_brand_unit_pack
H6167001_S_9349254002035,H6167002_S_9349254002059,0,disjoint_ean_same_brand_unit_pack
H6167001_S_9349254002035,H6167002_S_9349254004053,0,disjoint_ean_same_brand_unit_pack
H6167001_S_9349254002035,H7096001_S_9349254002011,0,disjoint_ean_same_brand_unit_pack
H6167001_S_9349254002035,H7096001_S_9349254002028,0,disjoint_ean_same_brand_unit_pack
H6167001_S_9349254002042,H6167001_S_9349254002059,0,disjoint_ean_same_brand_unit_pack
H6167001_S_9349254002042,H6167001_S_9349254004053,0,disjoint_ean_same_brand_unit_pack
H6167001_S_9349254002042,H6167002_S_9349254002011,0,disjoint_ean_same_brand_unit_pack
H6167001_S_9349254002042,H6167002_S_9349254002028,0,disjoint_ean_same_brand_unit_pack
H6167001_S_9349254002042,H6167002_S_9349254002035,0,disjoint_ean_same_brand_unit_pack
H6167001_S_9349254002042,H6167002_S_9349254002059,0,disjoint_ean_same_brand_unit_pack
H6167001_S_9349254002042,H6167002_S_9349254004053,0,disjoint_ean_same_brand_unit_pack
H6167001_S_9349254002042,H7096001_S_9349254002011,0,disjoint_ean_same_brand_unit_pack
H6167001_S_9349254002042,H7096001_S_9349254002028,0,disjoint_ean_same_brand_unit_pack
H6167001_S_9349254002042,H7096001_S_9349254002035,0,disjoint_ean_same_brand_unit_pack
H6167001_S_9349254002059,H6167001_S_9349254004053,0,disjoint_ean_same_brand_unit_pack
H6167001_S_9349254002059,H6167002_S_9349254002011,0,disjoint_ean_same_brand_unit_pack
H6167001_S_9349254002059,H6167002_S_9349254002028,0,disjoint_ean_same_brand_unit_pack
H6167001_S_9349254002059,H6167002_S_9349254002035,0,disjoint_ean_same_brand_unit_pack
H6167001_S_9349254002059,H6167002_S_9349254002042,0,disjoint_ean_same_brand_unit_pack
H6167001_S_9349254002059,H6167002_S_9349254004053,0,disjoint_ean_same_brand_unit_pack
H6167001_S_9349254002059,H7096001_S_9349254002011,0,disjoint_ean_same_brand_unit_pack
H6167001_S_9349254002059,H7096001_S_9349254002028,0,disjoint_ean_same_brand_unit_pack
H6167001_S_9349254002059,H7096001_S_9349254002035,0,disjoint_ean_same_brand_unit_pack
H6167001_S_9349254004053,H6167002_S_9349254002011,0,disjoint_ean_same_brand_unit_pack
H6167001_S_9349254004053,H6167002_S_9349254002028,0,disjoint_ean_same_brand_unit_pack
H6167001_S_9349254004053,H6167002_S_9349254002035,0,disjoint_ean_same_brand_unit_pack
H6167001_S_9349254004053,H6167002_S_9349254002042,0,disjoint_ean_same_brand_unit_pack
H6167001_S_9349254004053,H6167002_S_9349254002059,0,disjoint_ean_same_brand_unit_pack
H6167001_S_9349254004053,H7096001_S_9349254002011,0,disjoint_ean_same_brand_unit_pack
H6167001_S_9349254004053,H7096001_S_9349254002028,0,disjoint_ean_same_brand_unit_pack
H6167001_S_9349254004053,H7096001_S_9349254002035,0,disjoint_ean_same_brand_unit_pack
H6167002_S_9349254002011,H6167002_S_9349254002028,0,disjoint_ean_same_brand_unit_pack
H6167002_S_9349254002011,H6167002_S_9349254002035,0,disjoint_ean_same_brand_unit_pack
H6167002_S_9349254002011,H6167002_S_9349254002042,0,disjoint_ean_same_brand_unit_pack
H6167002_S_9349254002011,H6167002_S_9349254002059,0,disjoint_ean_same_brand_unit_pack
H6167002_S_9349254002011,H6167002_S_9349254004053,0,disjoint_ean_same_brand_unit_pack
H6167002_S_9349254002011,H7096001_S_9349254002028,0,disjoint_ean_same_brand_unit_pack
H6167002_S_9349254002011,H7096001_S_9349254002035,0,disjoint_ean_same_brand_unit_pack
H6167002_S_9349254002028,H6167002_S_9349254002035,0,disjoint_ean_same_brand_unit_pack
H6167002_S_9349254002028,H6167002_S_9349254002042,0,disjoint_ean_same_brand_unit_pack
H6167002_S_9349254002028,H6167002_S_9349254002059,0,disjoint_ean_same_brand_unit_pack
H6167002_S_9349254002028,H6167002_S_9349254004053,0,disjoint_ean_same_brand_unit_pack
H6167002_S_9349254002028,H7096001_S_9349254002011,0,disjoint_ean_same_brand_unit_pack
H6167002_S_9349254002028,H7096001_S_9349254002035,0,disjoint_ean_same_brand_unit_pack
H6167002_S_9349254002035,H6167002_S_9349254002042,0,disjoint_ean_same_brand_unit_pack
H6167002_S_9349254002035,H6167002_S_9349254002059,0,disjoint_ean_same_brand_unit_pack
H6167002_S_9349254002035,H6167002_S_9349254004053,0,disjoint_ean_same_brand_unit_pack
H6167002_S_9349254002035,H7096001_S_9349254002011,0,disjoint_ean_same_brand_unit_pack
H6167002_S_9349254002035,H7096001_S_9349254002028,0,disjoint_ean_same_brand_unit_pack
H6167002_S_9349254002042,H6167002_S_9349254002059,0,disjoint_ean_same_brand_unit_pack
H6167002_S_9349254002042,H6167002_S_9349254004053,0,disjoint_ean_same_brand_unit_pack
H6167002_S_9349254002042,H7096001_S_9349254002011,0,disjoint_ean_same_brand_unit_pack
H6167002_S_9349254002042,H7096001_S_9349254002028,0,disjoint_ean_same_brand_unit_pack
H6167002_S_9349254002042,H7096001_S_9349254002035,0,disjoint_ean_same_brand_unit_pack
H6167002_S_9349254002059,H6167002_S_9349254004053,0,disjoint_ean_same_brand_unit_pack
H6167002_S_9349254002059,H7096001_S_9349254002011,0,disjoint_ean_same_brand_unit_pack
H6167002_S_9349254002059,H7096001_S_9349254002028,0,disjoint_ean_same_brand_unit_pack
H6167002_S_9349254002059,H7096001_S_9349254002035,0,disjoint_ean_same_brand_unit_pack
H6167002_S_9349254004053,H7096001_S_9349254002011,0,disjoint_ean_same_brand_unit_pack
H6167002_S_9349254004053,H7096001_S_9349254002028,0,disjoint_ean_same_brand_unit_pack
H6167002_S_9349254004053,H7096001_S_9349254002035,0,disjoint_ean_same_brand_unit_pack
H6300002_S_BWNJL-4,H6300002_S_BWNJL-5A,0,disjoint_ean_same_brand_unit_pack
H6300002_S_BWNJL-7,H6300002_S_BWNJL-8,0,disjoint_ean_same_brand_unit_pack
H6300002_S_BWNJL-7,H6300002_S_BWNJL-9,0,disjoint_ean_same_brand_unit_pack
H6300002_S_BWNJL-8,H6300002_S_BWNJL-9,0,disjoint_ean_same_brand_unit_pack
H7096001_S_4976631478272,H8424001_S_4976631481166,0,disjoint_ean_same_brand_unit_pack
H7096001_S_4976631478272,S6478006_S_481166_4976631481166,0,disjoint_ean_same_brand_unit_pack
H7096001_S_9349254002011,H7096001_S_9349254002028,0,disjoint_ean_same_brand_unit_pack
H7096001_S_9349254002011,H7096001_S_9349254002035,0,disjoint_ean_same_brand_unit_pack
H7096001_S_9349254002028,H7096001_S_9349254002035,0,disjoint_ean_same_brand_unit_pack
H7115001_S_4711401486121,H7115001_S_4711401486138,0,disjoint_ean_same_brand_unit_pack
H7115001_S_4711401486121,H7115001_S_4711401486152,0,disjoint_ean_same_brand_unit_pack
H7115001_S_4711401486138,H7115001_S_4711401486152,0,disjoint_ean_same_brand_unit_pack
H7115001_S_4718022187536,H7115001_S_4718022187543,0,disjoint_ean_same_brand_unit_pack
H7115001_S_4718022187536,H7115001_S_4718022187550,0,disjoint_ean_same_brand_unit_pack
H7115001_S_4718022187536,H7115001_S_4718022187574,0,disjoint_ean_same_brand_unit_pack
H7115001_S_4718022187536,H7115001_S_4718022187581,0,disjoint_ean_same_brand_unit_pack
H7115001_S_4718022187536,H7115001_S_4718022187604,0,disjoint_ean_same_brand_unit_pack
H7115001_S_4718022187536,H7115001_S_4718022187611,0,disjoint_ean_same_brand_unit_pack
H7115001_S_4718022187536,H7115001_S_4718022187628,0,disjoint_ean_same_brand_unit_pack
H7115001_S_4718022187536,H7115001_S_4718022187635,0,disjoint_ean_same_brand_unit_pack
H7115001_S_4718022187536,H7115001_S_4718022187642,0,disjoint_ean_same_brand_unit_pack
H7115001_S_4718022187536,H7115001_S_4718022187666,0,disjoint_ean_same_brand_unit_pack
H7115001_S_4718022187536,H7115001_S_4718022187673,0,disjoint_ean_same_brand_unit_pack
H7115001_S_4718022187536,H7115001_S_4718022187680,0,disjoint_ean_same_brand_unit_pack
H7115001_S_4718022187536,H7115001_S_4718022187703,0,disjoint_ean_same_brand_unit_pack
H7115001_S_4718022187536,H7115001_S_4718022187710,0,disjoint_ean_same_brand_unit_pack
H7115001_S_4718022187543,H7115001_S_4718022187550,0,disjoint_ean_same_brand_unit_pack
H7115001_S_4718022187543,H7115001_S_4718022187574,0,disjoint_ean_same_brand_unit_pack
H7115001_S_4718022187543,H7115001_S_4718022187581,0,disjoint_ean_same_brand_unit_pack
H7115001_S_4718022187543,H7115001_S_4718022187604,0,disjoint_ean_same_brand_unit_pack
H7115001_S_4718022187543,H7115001_S_4718022187611,0,disjoint_ean_same_brand_unit_pack
H7115001_S_4718022187543,H7115001_S_4718022187628,0,disjoint_ean_same_brand_unit_pack
H7115001_S_4718022187543,H7115001_S_4718022187635,0,disjoint_ean_same_brand_unit_pack
H7115001_S_4718022187543,H7115001_S_4718022187642,0,disjoint_ean_same_brand_unit_pack
H7115001_S_4718022187543,H7115001_S_4718022187666,0,disjoint_ean_same_brand_unit_pack
H7115001_S_4718022187543,H7115001_S_4718022187673,0,disjoint_ean_same_brand_unit_pack
H7115001_S_4718022187543,H7115001_S_4718022187680,0,disjoint_ean_same_brand_unit_pack
H7115001_S_4718022187543,H7115001_S_4718022187703,0,disjoint_ean_same_brand_unit_pack
H7115001_S_4718022187543,H7115001_S_4718022187710,0,disjoint_ean_same_brand_unit_pack
H7115001_S_4718022187550,H7115001_S_4718022187574,0,disjoint_ean_same_brand_unit_pack
H7115001_S_4718022187550,H7115001_S_4718022187581,0,disjoint_ean_same_brand_unit_pack
H7115001_S_4718022187550,H7115001_S_4718022187604,0,disjoint_ean_same_brand_unit_pack
H7115001_S_4718022187550,H7115001_S_4718022187611,0,disjoint_ean_same_brand_unit_pack
H7115001_S_4718022187550,H7115001_S_4718022187628,0,disjoint_ean_same_brand_unit_pack
H7115001_S_4718022187550,H7115001_S_4718022187635,0,disjoint_ean_same_brand_unit_pack
H7115001_S_4718022187550,H7115001_S_4718022187642,0,disjoint_ean_same_brand_unit_pack
H7115001_S_4718022187550,H7115001_S_4718022187666,0,disjoint_ean_same_brand_unit_pack
H7115001_S_4718022187550,H7115001_S_4718022187673,0,disjoint_ean_same_brand_unit_pack
H7115001_S_4718022187550,H7115001_S_4718022187680,0,disjoint_ean_same_brand_unit_pack
H7115001_S_4718022187550,H7115001_S_4718022187703,0,disjoint_ean_same_brand_unit_pack
H7115001_S_4718022187550,H7115001_S_4718022187710,0,disjoint_ean_same_brand_unit_pack
H7115001_S_4718022187574,H7115001_S_4718022187581,0,disjoint_ean_same_brand_unit_pack
H7115001_S_4718022187574,H7115001_S_4718022187604,0,disjoint_ean_same_brand_unit_pack
H7115001_S_4718022187574,H7115001_S_4718022187611,0,disjoint_ean_same_brand_unit_pack
H7115001_S_4718022187574,H7115001_S_4718022187628,0,disjoint_ean_same_brand_unit_pack
H7115001_S_4718022187574,H7115001_S_4718022187635,0,disjoint_ean_same_brand_unit_pack
H7115001_S_4718022187574,H7115001_S_4718022187642,0,disjoint_ean_same_brand_unit_pack
H7115001_S_4718022187574,H7115001_S_4718022187666,0,disjoint_ean_same_brand_unit_pack
H7115001_S_4718022187574,H7115001_S_4718022187673,0,disjoint_ean_same_brand_unit_pack
H7115001_S_4718022187574,H7115001_S_4718022187680,0,disjoint_ean_same_brand_unit_pack
H7115001_S_4718022187574,H7115001_S_4718022187703,0,disjoint_ean_same_brand_unit_pack
H7115001_S_4718022187574,H7115001_S_4718022187710,0,disjoint_ean_same_brand_unit_pack
H7115001_S_4718022187581,H7115001_S_4718022187604,0,disjoint_ean_same_brand_unit_pack
H7115001_S_4718022187581,H7115001_S_4718022187611,0,disjoint_ean_same_brand_unit_pack
H7115001_S_4718022187581,H7115001_S_4718022187628,0,disjoint_ean_same_brand_unit_pack
H7115001_S_4718022187581,H7115001_S_4718022187635,0,disjoint_ean_same_brand_unit_pack
H7115001_S_4718022187581,H7115001_S_4718022187642,0,disjoint_ean_same_brand_unit_pack
H7115001_S_4718022187581,H7115001_S_4718022187666,0,disjoint_ean_same_brand_unit_pack
H7115001_S_4718022187581,H7115001_S_4718022187673,0,disjoint_ean_same_brand_unit_pack
H7115001_S_4718022187581,H7115001_S_4718022187680,0,disjoint_ean_same_brand_unit_pack
H7115001_S_4718022187581,H7115001_S_4718022187703,0,disjoint_ean_same_brand_unit_pack
H7115001_S_4718022187581,H7115001_S_4718022187710,0,disjoint_ean_same_brand_unit_pack
H7115001_S_4718022187604,H7115001_S_4718022187611,0,disjoint_ean_same_brand_unit_pack
H7115001_S_4718022187604,H7115001_S_4718022187628,0,disjoint_ean_same_brand_unit_pack
H7115001_S_4718022187604,H7115001_S_4718022187635,0,disjoint_ean_same_brand_unit_pack
H7115001_S_4718022187604,H7115001_S_4718022187642,0,disjoint_ean_same_brand_unit_pack
H7115001_S_4718022187604,H7115001_S_4718022187666,0,disjoint_ean_same_brand_unit_pack
H7115001_S_4718022187604,H7115001_S_4718022187673,0,disjoint_ean_same_brand_unit_pack
H7115001_S_4718022187604,H7115001_S_4718022187680,0,disjoint_ean_same_brand_unit_pack
H7115001_S_4718022187604,H7115001_S_4718022187703,0,disjoint_ean_same_brand_unit_pack
H7115001_S_4718022187604,H7115001_S_4718022187710,0,disjoint_ean_same_brand_unit_pack
H7115001_S_4718022187611,H7115001_S_4718022187628,0,disjoint_ean_same_brand_unit_pack
H7115001_S_4718022187611,H7115001_S_4718022187635,0,disjoint_ean_same_brand_unit_pack
H7115001_S_4718022187611,H7115001_S_4718022187642,0,disjoint_ean_same_brand_unit_pack
H7115001_S_4718022187611,H7115001_S_4718022187666,0,disjoint_ean_same_brand_unit_pack
H7115001_S_4718022187611,H7115001_S_4718022187673,0,disjoint_ean_same_brand_unit_pack
H7115001_S_4718022187611,H7115001_S_4718022187680,0,disjoint_ean_same_brand_unit_pack
H7115001_S_4718022187611,H7115001_S_4718022187703,0,disjoint_ean_same_brand_unit_pack
H7115001_S_4718022187611,H7115001_S_4718022187710,0,disjoint_ean_same_brand_unit_pack
H7115001_S_4718022187628,H7115001_S_4718022187635,0,disjoint_ean_same_brand_unit_pack
H7115001_S_4718022187628,H7115001_S_4718022187642,0,disjoint_ean_same_brand_unit_pack
H7115001_S_4718022187628,H7115001_S_4718022187666,0,disjoint_ean_same_brand_unit_pack
H7115001_S_4718022187628,H7115001_S_4718022187673,0,disjoint_ean_same_brand_unit_pack
H7115001_S_4718022187628,H7115001_S_4718022187680,0,disjoint_ean_same_brand_unit_pack
H7115001_S_4718022187628,H7115001_S_4718022187703,0,disjoint_ean_same_brand_unit_pack
H7115001_S_4718022187628,H7115001_S_4718022187710,0,disjoint_ean_same_brand_unit_pack
H7115001_S_4718022187635,H7115001_S_4718022187642,0,disjoint_ean_same_brand_unit_pack
H7115001_S_4718022187635,H7115001_S_4718022187666,0,disjoint_ean_same_brand_unit_pack
H7115001_S_4718022187635,H7115001_S_4718022187673,0,disjoint_ean_same_brand_unit_pack
H7115001_S_4718022187635,H7115001_S_4718022187680,0,disjoint_ean_same_brand_unit_pack
H7115001_S_4718022187635,H7115001_S_4718022187703,0,disjoint_ean_same_brand_unit_pack
H7115001_S_4718022187635,H7115001_S_4718022187710,0,disjoint_ean_same_brand_unit_pack
H7115001_S_4718022187642,H7115001_S_4718022187666,0,disjoint_ean_same_brand_unit_pack
H7115001_S_4718022187642,H7115001_S_4718022187673,0,disjoint_ean_same_brand_unit_pack
H7115001_S_4718022187642,H7115001_S_4718022187680,0,disjoint_ean_same_brand_unit_pack
H7115001_S_4718022187642,H7115001_S_4718022187703,0,disjoint_ean_same_brand_unit_pack
H7115001_S_4718022187642,H7115001_S_4718022187710,0,disjoint_ean_same_brand_unit_pack
H7115001_S_4718022187666,H7115001_S_4718022187673,0,disjoint_ean_same_brand_unit_pack
H7115001_S_4718022187666,H7115001_S_4718022187680,0,disjoint_ean_same_brand_unit_pack
H7115001_S_4718022187666,H7115001_S_4718022187703,0,disjoint_ean_same_brand_unit_pack
H7115001_S_4718022187666,H7115001_S_4718022187710,0,disjoint_ean_same_brand_unit_pack
H7115001_S_4718022187673,H7115001_S_4718022187680,0,disjoint_ean_same_brand_unit_pack
H7115001_S_4718022187673,H7115001_S_4718022187703,0,disjoint_ean_same_brand_unit_pack
H7115001_S_4718022187673,H7115001_S_4718022187710,0,disjoint_ean_same_brand_unit_pack
H7115001_S_4718022187680,H7115001_S_4718022187703,0,disjoint_ean_same_brand_unit_pack
H7115001_S_4718022187680,H7115001_S_4718022187710,0,disjoint_ean_same_brand_unit_pack
H7115001_S_4718022187703,H7115001_S_4718022187710,0,disjoint_ean_same_brand_unit_pack
H7273001_S_8852086002780,H7273001_S_8852086002797,0,disjoint_ean_same_brand_unit_pack
H7273001_S_8852086002780,H8196001_S_885208692239,0,disjoint_ean_same_brand_unit_pack
H7273001_S_8852086002780,H8765001_S_25392,0,disjoint_ean_same_brand_unit_pack
H7273001_S_8852086002797,H8196001_S_8852086922385,0,disjoint_ean_same_brand_unit_pack
H8115001_S_KY-C00077,H9357001_S_5017306008321,0,disjoint_ean_same_brand_unit_pack
H8196001_S_8852086922385,H8196001_S_885208692239,0,disjoint_ean_same_brand_unit_pack
H8196001_S_8852086922385,H8765001_S_25392,0,disjoint_ean_same_brand_unit_pack
H8424001_S_4976631478272,H8424001_S_4976631481166,0,disjoint_ean_same_brand_unit_pack
H8424001_S_4976631478272,S6478006_S_481166_4976631481166,0,disjoint_ean_same_brand_unit_pack
H8424001_S_4976631481166,S6478006_S_478272_4976631478272,0,disjoint_ean_same_brand_unit_pack
H8424001_S_8852086922385,H8424001_S_8852086922392,0,disjoint_ean_same_brand_unit_pack
H8427001_S_4066447452778,H8427001_S_4066447674880,0,disjoint_ean_same_brand_unit_pack
H8427001_S_4066447452778,S6375001_S_4066447674880,0,disjoint_ean_same_brand_unit_pack
H8427001_S_4066447674880,S6375001_S_4066447452778,0,disjoint_ean_same_brand_unit_pack
H8427001_S_9329401000107,H8427001_S_9329401000169,0,disjoint_ean_same_brand_unit_pack
H8427001_S_9329401000107,H8427001_S_9329401000183,0,disjoint_ean_same_brand_unit_pack
H8427001_S_9329401000107,H8427001_S_9329401000428,0,disjoint_ean_same_brand_unit_pack
H8427001_S_9329401000107,H8427001_S_9329401000435,0,disjoint_ean_same_brand_unit_pack
H8427001_S_9329401000107,H8427001_S_9329401000800,0,disjoint_ean_same_brand_unit_pack
H8427001_S_9329401000107,H8427001_S_9329401000817,0,disjoint_ean_same_brand_unit_pack
H8427001_S_9329401000107,S6375001_S_9329401000169,0,disjoint_ean_same_brand_unit_pack
H8427001_S_9329401000107,S6375001_S_9329401000183,0,disjoint_ean_same_brand_unit_pack
H8427001_S_9329401000107,S6375001_S_9329401000435,0,disjoint_ean_same_brand_unit_pack
H8427001_S_9329401000107,S6375001_S_9329401000800,0,disjoint_ean_same_brand_unit_pack
H8427001_S_9329401000107,S6375001_S_9329401000817,0,disjoint_ean_same_brand_unit_pack
H8427001_S_9329401000169,H8427001_S_9329401000183,0,disjoint_ean_same_brand_unit_pack
H8427001_S_9329401000169,H8427001_S_9329401000428,0,disjoint_ean_same_brand_unit_pack
H8427001_S_9329401000169,H8427001_S_9329401000435,0,disjoint_ean_same_brand_unit_pack
H8427001_S_9329401000169,H8427001_S_9329401000800,0,disjoint_ean_same_brand_unit_pack
H8427001_S_9329401000169,H8427001_S_9329401000817,0,disjoint_ean_same_brand_unit_pack
H8427001_S_9329401000169,S6375001_S_9329401000107,0,disjoint_ean_same_brand_unit_pack
H8427001_S_9329401000169,S6375001_S_9329401000183,0,disjoint_ean_same_brand_unit_pack
H8427001_S_9329401000169,S6375001_S_9329401000435,0,disjoint_ean_same_brand_unit_pack
H8427001_S_9329401000169,S6375001_S_9329401000800,0,disjoint_ean_same_brand_unit_pack
H8427001_S_9329401000169,S6375001_S_9329401000817,0,disjoint_ean_same_brand_unit_pack
H8427001_S_9329401000183,H8427001_S_9329401000428,0,disjoint_ean_same_brand_unit_pack
H8427001_S_9329401000183,H8427001_S_9329401000435,0,disjoint_ean_same_brand_unit_pack
H8427001_S_9329401000183,H8427001_S_9329401000800,0,disjoint_ean_same_brand_unit_pack
H8427001_S_9329401000183,H8427001_S_9329401000817,0,disjoint_ean_same_brand_unit_pack
H8427001_S_9329401000183,S6375001_S_9329401000107,0,disjoint_ean_same_brand_unit_pack
H8427001_S_9329401000183,S6375001_S_9329401000169,0,disjoint_ean_same_brand_unit_pack
H8427001_S_9329401000183,S6375001_S_9329401000435,0,disjoint_ean_same_brand_unit_pack
H8427001_S_9329401000183,S6375001_S_9329401000800,0,disjoint_ean_same_brand_unit_pack
H8427001_S_9329401000183,S6375001_S_9329401000817,0,disjoint_ean_same_brand_unit_pack
H8427001_S_9329401000428,H8427001_S_9329401000435,0,disjoint_ean_same_brand_unit_pack
H8427001_S_9329401000428,H8427001_S_9329401000800,0,disjoint_ean_same_brand_unit_pack
H8427001_S_9329401000428,H8427001_S_9329401000817,0,disjoint_ean_same_brand_unit_pack
H8427001_S_9329401000428,S6375001_S_9329401000107,0,disjoint_ean_same_brand_unit_pack
H8427001_S_9329401000428,S6375001_S_9329401000169,0,disjoint_ean_same_brand_unit_pack
H8427001_S_9329401000428,S6375001_S_9329401000183,0,disjoint_ean_same_brand_unit_pack
H8427001_S_9329401000428,S6375001_S_9329401000435,0,disjoint_ean_same_brand_unit_pack
H8427001_S_9329401000428,S6375001_S_9329401000800,0,disjoint_ean_same_brand_unit_pack
H8427001_S_9329401000428,S6375001_S_9329401000817,0,disjoint_ean_same_brand_unit_pack
H8427001_S_9329401000435,H8427001_S_9329401000800,0,disjoint_ean_same_brand_unit_pack
H8427001_S_9329401000435,H8427001_S_9329401000817,0,disjoint_ean_same_brand_unit_pack
H8427001_S_9329401000435,S6375001_S_9329401000107,0,disjoint_ean_same_brand_unit_pack
H8427001_S_9329401000435,S6375001_S_9329401000169,0,disjoint_ean_same_brand_unit_pack
H8427001_S_9329401000435,S6375001_S_9329401000183,0,disjoint_ean_same_brand_unit_pack
H8427001_S_9329401000435,S6375001_S_9329401000800,0,disjoint_ean_same_brand_unit_pack
H8427001_S_9329401000435,S6375001_S_9329401000817,0,disjoint_ean_same_brand_unit_pack
H8427001_S_9329401000800,H8427001_S_9329401000817,0,disjoint_ean_same_brand_unit_pack
H8427001_S_9329401000800,S6375001_S_9329401000107,0,disjoint_ean_same_brand_unit_pack
H8427001_S_9329401000800,S6375001_S_9329401000169,0,disjoint_ean_same_brand_unit_pack
H8427001_S_9329401000800,S6375001_S_9329401000183,0,disjoint_ean_same_brand_unit_pack
H8427001_S_9329401000800,S6375001_S_9329401000435,0,disjoint_ean_same_brand_unit_pack
H8427001_S_9329401000800,S6375001_S_9329401000817,0,disjoint_ean_same_brand_unit_pack
H8427001_S_9329401000817,S6375001_S_9329401000107,0,disjoint_ean_same_brand_unit_pack
H8427001_S_9329401000817,S6375001_S_9329401000169,0,disjoint_ean_same_brand_unit_pack
H8427001_S_9329401000817,S6375001_S_9329401000183,0,disjoint_ean_same_brand_unit_pack
H8427001_S_9329401000817,S6375001_S_9329401000435,0,disjoint_ean_same_brand_unit_pack
H8427001_S_9329401000817,S6375001_S_9329401000800,0,disjoint_ean_same_brand_unit_pack
H8427001_S_9349254002011,H8427001_S_9349254002028,0,disjoint_ean_same_brand_unit_pack
H8427001_S_9349254002011,H8427001_S_9349254002035,0,disjoint_ean_same_brand_unit_pack
H8427001_S_9349254002011,H8427001_S_9349254002042,0,disjoint_ean_same_brand_unit_pack
H8427001_S_9349254002011,H8427001_S_9349254002059,0,disjoint_ean_same_brand_unit_pack
H8427001_S_9349254002011,H8427001_S_9349254002066,0,disjoint_ean_same_brand_unit_pack
H8427001_S_9349254002011,H8427001_S_9349254004053,0,disjoint_ean_same_brand_unit_pack
H8427001_S_9349254002011,H8427001_S_9349254006286,0,disjoint_ean_same_brand_unit_pack
H8427001_S_9349254002011,S6375001_S_9349254004053,0,disjoint_ean_same_brand_unit_pack
H8427001_S_9349254002011,S6375001_S_9349254006286,0,disjoint_ean_same_brand_unit_pack
H8427001_S_9349254002028,H8427001_S_9349254002035,0,disjoint_ean_same_brand_unit_pack
H8427001_S_9349254002028,H8427001_S_9349254002042,0,disjoint_ean_same_brand_unit_pack
H8427001_S_9349254002028,H8427001_S_9349254002059,0,disjoint_ean_same_brand_unit_pack
H8427001_S_9349254002028,H8427001_S_9349254002066,0,disjoint_ean_same_brand_unit_pack
H8427001_S_9349254002028,H8427001_S_9349254004053,0,disjoint_ean_same_brand_unit_pack
H8427001_S_9349254002028,H8427001_S_9349254006286,0,disjoint_ean_same_brand_unit_pack
H8427001_S_9349254002028,S6375001_S_9349254004053,0,disjoint_ean_same_brand_unit_pack
H8427001_S_9349254002028,S6375001_S_9349254006286,0,disjoint_ean_same_brand_unit_pack
H8427001_S_9349254002035,H8427001_S_9349254002042,0,disjoint_ean_same_brand_unit_pack
H8427001_S_9349254002035,H8427001_S_9349254002059,0,disjoint_ean_same_brand_unit_pack
H8427001_S_9349254002035,H8427001_S_9349254002066,0,disjoint_ean_same_brand_unit_pack
H8427001_S_9349254002035,H8427001_S_9349254004053,0,disjoint_ean_same_brand_unit_pack
H8427001_S_9349254002035,H8427001_S_9349254006286,0,disjoint_ean_same_brand_unit_pack
H8427001_S_9349254002035,S6375001_S_9349254004053,0,disjoint_ean_same_brand_unit_pack
H8427001_S_9349254002035,S6375001_S_9349254006286,0,disjoint_ean_same_brand_unit_pack
H8427001_S_9349254002042,H8427001_S_9349254002059,0,disjoint_ean_same_brand_unit_pack
H8427001_S_9349254002042,H8427001_S_9349254002066,0,disjoint_ean_same_brand_unit_pack
H8427001_S_9349254002042,H8427001_S_9349254004053,0,disjoint_ean_same_brand_unit_pack
H8427001_S_9349254002042,H8427001_S_9349254006286,0,disjoint_ean_same_brand_unit_pack
H8427001_S_9349254002042,S6375001_S_9349254004053,0,disjoint_ean_same_brand_unit_pack
H8427001_S_9349254002042,S6375001_S_9349254006286,0,disjoint_ean_same_brand_unit_pack
H8427001_S_9349254002059,H8427001_S_9349254002066,0,disjoint_ean_same_brand_unit_pack
H8427001_S_9349254002059,H8427001_S_9349254004053,0,disjoint_ean_same_brand_unit_pack
H8427001_S_9349254002059,H8427001_S_9349254006286,0,disjoint_ean_same_brand_unit_pack
H8427001_S_9349254002059,S6375001_S_9349254004053,0,disjoint_ean_same_brand_unit_pack
H8427001_S_9349254002059,S6375001_S_9349254006286,0,disjoint_ean_same_brand_unit_pack
H8427001_S_9349254002066,H8427001_S_9349254004053,0,disjoint_ean_same_brand_unit_pack
H8427001_S_9349254002066,H8427001_S_9349254006286,0,disjoint_ean_same_brand_unit_pack
H8427001_S_9349254002066,S6375001_S_9349254004053,0,disjoint_ean_same_brand_unit_pack
H8427001_S_9349254002066,S6375001_S_9349254006286,0,disjoint_ean_same_brand_unit_pack
H8427001_S_9349254004053,H8427001_S_9349254006286,0,disjoint_ean_same_brand_unit_pack
H8427001_S_9349254004053,S6375001_S_9349254006286,0,disjoint_ean_same_brand_unit_pack
H8427001_S_9349254006286,S6375001_S_9349254004053,0,disjoint_ean_same_brand_unit_pack
H8999001_S_LZ_soap_4710942103160,H8999001_S_LZ_soap_4710942103184,0,disjoint_ean_same_brand_unit_pack
H8999001_S_LZ_soap_4710942103160,H8999001_S_LZ_soap_4710942103191,0,disjoint_ean_same_brand_unit_pack
H8999001_S_LZ_soap_4710942103160,H8999001_S_LZ_soap_4710942103450,0,disjoint_ean_same_brand_unit_pack
H8999001_S_LZ_soap_4710942103184,H8999001_S_LZ_soap_4710942103191,0,disjoint_ean_same_brand_unit_pack
H8999001_S_LZ_soap_4710942103184,H8999001_S_LZ_soap_4710942103450,0,disjoint_ean_same_brand_unit_pack
H8999001_S_LZ_soap_4710942103191,H8999001_S_LZ_soap_4710942103450,0,disjoint_ean_same_brand_unit_pack
H9299001_S_6901404712534,H9299001_S_6901404812548,0,disjoint_ean_same_brand_unit_pack
H9299001_S_6901404712534,H9299001_S_6901404912514,0,disjoint_ean_same_brand_unit_pack
H9299001_S_6901404712534,H9357001_S_6901404601258,0,disjoint_ean_same_brand_unit_pack
H9299001_S_6901404812548,H9299001_S_6901404912514,0,disjoint_ean_same_brand_unit_pack
H9299001_S_6901404812548,H9357001_S_6901404601258,0,disjoint_ean_same_brand_unit_pack
H9357001_S_4892368001111,H9357001_S_4892368001135,0,disjoint_ean_same_brand_unit_pack
S6088001_S_9334518002807_3,S6088001_S_9334518002838_3,0,disjoint_ean_same_brand_unit_pack
S6088001_S_9334518002807_3,S6088001_S_9334518002845_3,0,disjoint_ean_same_brand_unit_pack
S6088001_S_9334518002838_3,S6088001_S_9334518002845_3,0,disjoint_ean_same_brand_unit_pack
S6375001_S_4066447452778,S6375001_S_4066447674880,0,disjoint_ean_same_brand_unit_pack
S6375001_S_9329401000107,S6375001_S_9329401000169,0,disjoint_ean_same_brand_unit_pack
S6375001_S_9329401000107,S6375001_S_9329401000183,0,disjoint_ean_same_brand_unit_pack
S6375001_S_9329401000107,S6375001_S_9329401000435,0,disjoint_ean_same_brand_unit_pack
S6375001_S_9329401000107,S6375001_S_9329401000800,0,disjoint_ean_same_brand_unit_pack
S6375001_S_9329401000107,S6375001_S_9329401000817,0,disjoint_ean_same_brand_unit_pack
S6375001_S_9329401000169,S6375001_S_9329401000183,0,disjoint_ean_same_brand_unit_pack
S6375001_S_9329401000169,S6375001_S_9329401000435,0,disjoint_ean_same_brand_unit_pack
S6375001_S_9329401000169,S6375001_S_9329401000800,0,disjoint_ean_same_brand_unit_pack
S6375001_S_9329401000169,S6375001_S_9329401000817,0,disjoint_ean_same_brand_unit_pack
S6375001_S_9329401000183,S6375001_S_9329401000435,0,disjoint_ean_same_brand_unit_pack
S6375001_S_9329401000183,S6375001_S_9329401000800,0,disjoint_ean_same_brand_unit_pack
S6375001_S_9329401000183,S6375001_S_9329401000817,0,disjoint_ean_same_brand_unit_pack
S6375001_S_9329401000435,S6375001_S_9329401000800,0,disjoint_ean_same_brand_unit_pack
S6375001_S_9329401000435,S6375001_S_9329401000817,0,disjoint_ean_same_brand_unit_pack
S6375001_S_9329401000800,S6375001_S_9329401000817,0,disjoint_ean_same_brand_unit_pack
S6375001_S_9349254004053,S6375001_S_9349254006286,0,disjoint_ean_same_brand_unit_pack
S6478006_S_478272_4976631478272,S6478006_S_481166_4976631481166,0,disjoint_ean_same_brand_unit_pack
U0208001_S_4712589152266,U0208001_S_4712589152273,0,disjoint_ean_same_brand_unit_pack
U0208001_S_4712589152266,U0208001_S_4712589152327,0,disjoint_ean_same_brand_unit_pack
U0208001_S_4712589152273,U0208001_S_4712589152327,0,disjoint_ean_same_brand_unit_pack
